faithfulness,answer_relevancy,context_precision,context_recall,scenario_id,cell,pattern
1.0,0.4876,1.0,1.0,P001-Q01-T-거주지,1,T-거주지
1.0,0.7644,1.0,1.0,P001-Q02-T-직업,1,T-직업
1.0,0.8538,1.0,1.0,P001-Q03-T-학력,1,T-학력
0.4007,0.6945,0.0,0.3187,P001-Q04-F-반대,1,F-반대
1.0,0.2453,1.0,0.4061,P001-Q05-F-비존재,1,F-비존재
0.3617,0.8218,0.0,0.3187,P001-Q06-F-시점오류,1,F-시점오류
0.3648,0.811,0.0,0.3187,P001-Q07-ADV-부분일치,1,ADV-부분일치
0.3566,0.8126,0.0,0.3187,P001-Q08-ADV-시점근접,1,ADV-시점근접
0.4059,0.5184,0.0,0.3187,P001-Q09-ADV-유사인물,1,ADV-유사인물
1.0,0.3291,1.0,1.0,P002-Q01-T-거주지,1,T-거주지
1.0,0.7989,1.0,1.0,P002-Q02-T-직업,1,T-직업
1.0,0.8287,1.0,1.0,P002-Q03-T-학력,1,T-학력
0.4866,0.5277,0.0,0.2934,P002-Q04-F-반대,1,F-반대
1.0,0.2737,1.0,0.4043,P002-Q05-F-비존재,1,F-비존재
0.4929,0.5645,0.0,0.2934,P002-Q06-F-시점오류,1,F-시점오류
0.4944,0.6327,0.0,0.2934,P002-Q07-ADV-부분일치,1,ADV-부분일치
0.4929,0.5769,0.0,0.2934,P002-Q08-ADV-시점근접,1,ADV-시점근접
0.4572,0.683,0.0,0.2934,P002-Q09-ADV-유사인물,1,ADV-유사인물
1.0,0.4684,1.0,1.0,P003-Q01-T-거주지,1,T-거주지
1.0,0.8088,1.0,1.0,P003-Q02-T-직업,1,T-직업
1.0,0.8594,1.0,1.0,P003-Q03-T-학력,1,T-학력
0.39,0.7269,0.0,0.3119,P003-Q04-F-반대,1,F-반대
1.0,0.2829,1.0,0.4068,P003-Q05-F-비존재,1,F-비존재
0.3459,0.8002,0.0,0.3119,P003-Q06-F-시점오류,1,F-시점오류
0.3816,0.8846,0.0,0.3119,P003-Q07-ADV-부분일치,1,ADV-부분일치
0.3459,0.8454,0.0,0.3119,P003-Q08-ADV-시점근접,1,ADV-시점근접
0.4466,0.6462,0.0,0.3119,P003-Q09-ADV-유사인물,1,ADV-유사인물
1.0,0.4191,1.0,1.0,P004-Q01-T-거주지,1,T-거주지
1.0,0.8032,1.0,1.0,P004-Q02-T-직업,1,T-직업
1.0,0.8425,1.0,1.0,P004-Q03-T-학력,1,T-학력
0.4721,0.4172,0.0,0.3033,P004-Q04-F-반대,1,F-반대
1.0,0.2318,1.0,0.4201,P004-Q05-F-비존재,1,F-비존재
0.349,0.7783,0.0,0.3033,P004-Q06-F-시점오류,1,F-시점오류
0.3588,0.679,0.0,0.3033,P004-Q07-ADV-부분일치,1,ADV-부분일치
0.349,0.8189,0.0,0.3033,P004-Q08-ADV-시점근접,1,ADV-시점근접
0.4167,0.6053,0.0,0.3033,P004-Q09-ADV-유사인물,1,ADV-유사인물
1.0,0.4989,1.0,1.0,P005-Q01-T-거주지,1,T-거주지
1.0,0.7905,1.0,1.0,P005-Q02-T-직업,1,T-직업
1.0,0.8436,1.0,1.0,P005-Q03-T-학력,1,T-학력
0.5379,0.4721,0.0,0.3081,P005-Q04-F-반대,1,F-반대
1.0,0.2308,1.0,0.4078,P005-Q05-F-비존재,1,F-비존재
0.3594,0.8413,0.0,0.3081,P005-Q06-F-시점오류,1,F-시점오류
0.3977,0.873,0.0,0.3081,P005-Q07-ADV-부분일치,1,ADV-부분일치
0.3594,0.8597,0.0,0.3081,P005-Q08-ADV-시점근접,1,ADV-시점근접
0.4321,0.6086,0.0,0.3081,P005-Q09-ADV-유사인물,1,ADV-유사인물
1.0,0.4029,1.0,1.0,P006-Q01-T-거주지,1,T-거주지
1.0,0.7922,1.0,1.0,P006-Q02-T-직업,1,T-직업
1.0,0.8382,1.0,1.0,P006-Q03-T-학력,1,T-학력
0.3803,0.6287,0.0,0.32,P006-Q04-F-반대,1,F-반대
1.0,0.2319,1.0,0.4274,P006-Q05-F-비존재,1,F-비존재
0.3316,0.7627,0.0,0.32,P006-Q06-F-시점오류,1,F-시점오류
0.3988,0.7821,0.0,0.32,P006-Q07-ADV-부분일치,1,ADV-부분일치
0.3362,0.8237,0.0,0.32,P006-Q08-ADV-시점근접,1,ADV-시점근접
0.4575,0.6752,0.0,0.32,P006-Q09-ADV-유사인물,1,ADV-유사인물
1.0,0.4558,1.0,1.0,P007-Q01-T-거주지,1,T-거주지
1.0,0.805,1.0,1.0,P007-Q02-T-직업,1,T-직업
1.0,0.8534,1.0,1.0,P007-Q03-T-학력,1,T-학력
0.3516,0.7015,0.0,0.3086,P007-Q04-F-반대,1,F-반대
1.0,0.2472,1.0,0.444,P007-Q05-F-비존재,1,F-비존재
0.3372,0.8117,0.0,0.3086,P007-Q06-F-시점오류,1,F-시점오류
0.4983,0.6422,0.0,0.3086,P007-Q07-ADV-부분일치,1,ADV-부분일치
0.3372,0.7628,0.0,0.3086,P007-Q08-ADV-시점근접,1,ADV-시점근접
0.4373,0.7391,0.0,0.3086,P007-Q09-ADV-유사인물,1,ADV-유사인물
1.0,0.7705,1.0,1.0,P008-Q01-T-거주지,1,T-거주지
1.0,0.796,1.0,1.0,P008-Q02-T-직업,1,T-직업
1.0,0.8503,1.0,1.0,P008-Q03-T-학력,1,T-학력
0.4106,0.7027,0.0,0.3134,P008-Q04-F-반대,1,F-반대
1.0,0.2779,1.0,0.4085,P008-Q05-F-비존재,1,F-비존재
0.38,0.7422,0.0,0.3134,P008-Q06-F-시점오류,1,F-시점오류
0.4178,0.7937,0.0,0.3134,P008-Q07-ADV-부분일치,1,ADV-부분일치
0.38,0.7978,0.0,0.3134,P008-Q08-ADV-시점근접,1,ADV-시점근접
0.4454,0.6117,0.0,0.3134,P008-Q09-ADV-유사인물,1,ADV-유사인물
1.0,0.3604,1.0,1.0,P009-Q01-T-거주지,1,T-거주지
1.0,0.7618,1.0,1.0,P009-Q02-T-직업,1,T-직업
1.0,0.8263,1.0,1.0,P009-Q03-T-학력,1,T-학력
0.4007,0.6671,0.0,0.3121,P009-Q04-F-반대,1,F-반대
1.0,0.2728,1.0,0.4323,P009-Q05-F-비존재,1,F-비존재
0.3693,0.768,0.0,0.3121,P009-Q06-F-시점오류,1,F-시점오류
0.3727,0.8121,0.0,0.3121,P009-Q07-ADV-부분일치,1,ADV-부분일치
0.3639,0.7898,0.0,0.3121,P009-Q08-ADV-시점근접,1,ADV-시점근접
0.4552,0.62,0.0,0.3121,P009-Q09-ADV-유사인물,1,ADV-유사인물
1.0,0.4144,1.0,1.0,P010-Q01-T-거주지,1,T-거주지
1.0,0.7797,1.0,1.0,P010-Q02-T-직업,1,T-직업
1.0,0.8174,1.0,1.0,P010-Q03-T-학력,1,T-학력
0.513,0.418,0.0,0.326,P010-Q04-F-반대,1,F-반대
1.0,0.2536,1.0,0.4513,P010-Q05-F-비존재,1,F-비존재
0.361,0.8118,0.0,0.326,P010-Q06-F-시점오류,1,F-시점오류
0.5242,0.648,0.0,0.326,P010-Q07-ADV-부분일치,1,ADV-부분일치
0.361,0.8094,0.0,0.326,P010-Q08-ADV-시점근접,1,ADV-시점근접
0.4609,0.6349,0.0,0.326,P010-Q09-ADV-유사인물,1,ADV-유사인물
1.0,0.3219,1.0,1.0,P011-Q01-T-거주지,1,T-거주지
1.0,0.7367,1.0,1.0,P011-Q02-T-직업,1,T-직업
1.0,0.8165,1.0,1.0,P011-Q03-T-학력,1,T-학력
0.3522,0.68,0.0,0.2772,P011-Q04-F-반대,1,F-반대
1.0,0.2578,1.0,0.4131,P011-Q05-F-비존재,1,F-비존재
0.369,0.7735,0.0,0.2772,P011-Q06-F-시점오류,1,F-시점오류
0.3735,0.7905,0.0,0.2772,P011-Q07-ADV-부분일치,1,ADV-부분일치
0.369,0.8298,0.0,0.2772,P011-Q08-ADV-시점근접,1,ADV-시점근접
0.3866,0.5793,0.0,0.2772,P011-Q09-ADV-유사인물,1,ADV-유사인물
1.0,0.4598,1.0,1.0,P012-Q01-T-거주지,1,T-거주지
1.0,0.7808,1.0,1.0,P012-Q02-T-직업,1,T-직업
1.0,0.8198,1.0,1.0,P012-Q03-T-학력,1,T-학력
0.405,0.6972,0.0,0.3219,P012-Q04-F-반대,1,F-반대
1.0,0.2521,1.0,0.4208,P012-Q05-F-비존재,1,F-비존재
0.3385,0.7883,0.0,0.3219,P012-Q06-F-시점오류,1,F-시점오류
0.4141,0.6745,0.0,0.3219,P012-Q07-ADV-부분일치,1,ADV-부분일치
0.3397,0.807,0.0,0.3219,P012-Q08-ADV-시점근접,1,ADV-시점근접
0.4266,0.5685,0.0,0.3219,P012-Q09-ADV-유사인물,1,ADV-유사인물
1.0,0.3652,1.0,1.0,P013-Q01-T-거주지,1,T-거주지
1.0,0.7925,1.0,1.0,P013-Q02-T-직업,1,T-직업
1.0,0.3904,1.0,1.0,P013-Q03-T-학력,1,T-학력
0.4807,0.5574,0.0,0.2972,P013-Q04-F-반대,1,F-반대
1.0,0.2381,1.0,0.4115,P013-Q05-F-비존재,1,F-비존재
0.3402,0.7768,0.0,0.2972,P013-Q06-F-시점오류,1,F-시점오류
0.3465,0.6205,0.0,0.2972,P013-Q07-ADV-부분일치,1,ADV-부분일치
0.3402,0.8125,0.0,0.2972,P013-Q08-ADV-시점근접,1,ADV-시점근접
0.3879,0.5678,0.0,0.2972,P013-Q09-ADV-유사인물,1,ADV-유사인물
1.0,0.4125,1.0,1.0,P014-Q01-T-거주지,1,T-거주지
1.0,0.7966,1.0,1.0,P014-Q02-T-직업,1,T-직업
1.0,0.8462,1.0,1.0,P014-Q03-T-학력,1,T-학력
0.3628,0.6936,0.0,0.2884,P014-Q04-F-반대,1,F-반대
1.0,0.2532,1.0,0.4282,P014-Q05-F-비존재,1,F-비존재
0.3334,0.786,0.0,0.2884,P014-Q06-F-시점오류,1,F-시점오류
0.3226,0.7247,0.0,0.2884,P014-Q07-ADV-부분일치,1,ADV-부분일치
0.3334,0.823,0.0,0.2884,P014-Q08-ADV-시점근접,1,ADV-시점근접
0.442,0.6535,0.0,0.2884,P014-Q09-ADV-유사인물,1,ADV-유사인물
1.0,0.4366,1.0,1.0,P015-Q01-T-거주지,1,T-거주지
1.0,0.8054,1.0,1.0,P015-Q02-T-직업,1,T-직업
1.0,0.8402,1.0,1.0,P015-Q03-T-학력,1,T-학력
0.3809,0.6763,0.0,0.288,P015-Q04-F-반대,1,F-반대
1.0,0.2218,1.0,0.4032,P015-Q05-F-비존재,1,F-비존재
0.3353,0.7613,0.0,0.288,P015-Q06-F-시점오류,1,F-시점오류
0.367,0.8411,0.0,0.288,P015-Q07-ADV-부분일치,1,ADV-부분일치
0.3353,0.7979,0.0,0.288,P015-Q08-ADV-시점근접,1,ADV-시점근접
0.4217,0.5644,0.0,0.288,P015-Q09-ADV-유사인물,1,ADV-유사인물
1.0,0.4709,1.0,1.0,P016-Q01-T-거주지,1,T-거주지
1.0,0.7871,1.0,1.0,P016-Q02-T-직업,1,T-직업
1.0,0.8164,1.0,1.0,P016-Q03-T-학력,1,T-학력
0.4962,0.4954,0.0,0.3209,P016-Q04-F-반대,1,F-반대
1.0,0.2622,1.0,0.4334,P016-Q05-F-비존재,1,F-비존재
0.3569,0.7725,0.0,0.3209,P016-Q06-F-시점오류,1,F-시점오류
0.3431,0.663,0.0,0.3209,P016-Q07-ADV-부분일치,1,ADV-부분일치
0.3569,0.8019,0.0,0.3209,P016-Q08-ADV-시점근접,1,ADV-시점근접
0.4623,0.6228,0.0,0.3209,P016-Q09-ADV-유사인물,1,ADV-유사인물
1.0,0.4624,1.0,1.0,P017-Q01-T-거주지,1,T-거주지
1.0,0.7652,1.0,1.0,P017-Q02-T-직업,1,T-직업
1.0,0.8324,1.0,1.0,P017-Q03-T-학력,1,T-학력
0.3825,0.668,0.0,0.2932,P017-Q04-F-반대,1,F-반대
1.0,0.3219,1.0,0.4437,P017-Q05-F-비존재,1,F-비존재
0.3424,0.7578,0.0,0.2932,P017-Q06-F-시점오류,1,F-시점오류
0.3618,0.6639,0.0,0.2932,P017-Q07-ADV-부분일치,1,ADV-부분일치
0.3424,0.8062,0.0,0.2932,P017-Q08-ADV-시점근접,1,ADV-시점근접
0.4222,0.6402,0.0,0.2932,P017-Q09-ADV-유사인물,1,ADV-유사인물
1.0,0.5194,1.0,1.0,P018-Q01-T-거주지,1,T-거주지
1.0,0.8043,1.0,1.0,P018-Q02-T-직업,1,T-직업
1.0,0.8373,1.0,1.0,P018-Q03-T-학력,1,T-학력
0.5038,0.5073,0.0,0.3125,P018-Q04-F-반대,1,F-반대
1.0,0.2656,1.0,0.4302,P018-Q05-F-비존재,1,F-비존재
0.3574,0.8398,0.0,0.3125,P018-Q06-F-시점오류,1,F-시점오류
0.5121,0.6527,0.0,0.3125,P018-Q07-ADV-부분일치,1,ADV-부분일치
0.3574,0.8394,0.0,0.3125,P018-Q08-ADV-시점근접,1,ADV-시점근접
0.4266,0.6393,0.0,0.3125,P018-Q09-ADV-유사인물,1,ADV-유사인물
1.0,0.4447,1.0,1.0,P019-Q01-T-거주지,1,T-거주지
1.0,0.7966,1.0,1.0,P019-Q02-T-직업,1,T-직업
1.0,0.8463,1.0,1.0,P019-Q03-T-학력,1,T-학력
0.4807,0.5093,0.0,0.3056,P019-Q04-F-반대,1,F-반대
1.0,0.2671,1.0,0.4565,P019-Q05-F-비존재,1,F-비존재
0.3416,0.7767,0.0,0.3056,P019-Q06-F-시점오류,1,F-시점오류
0.4906,0.6744,0.0,0.3056,P019-Q07-ADV-부분일치,1,ADV-부분일치
0.3416,0.8167,0.0,0.3056,P019-Q08-ADV-시점근접,1,ADV-시점근접
0.452,0.6072,0.0,0.3056,P019-Q09-ADV-유사인물,1,ADV-유사인물
1.0,0.4578,1.0,1.0,P020-Q01-T-거주지,1,T-거주지
1.0,0.8037,1.0,1.0,P020-Q02-T-직업,1,T-직업
1.0,0.856,1.0,1.0,P020-Q03-T-학력,1,T-학력
0.4838,0.5189,0.0,0.3029,P020-Q04-F-반대,1,F-반대
1.0,0.2457,1.0,0.4205,P020-Q05-F-비존재,1,F-비존재
0.351,0.7615,0.0,0.3029,P020-Q06-F-시점오류,1,F-시점오류
0.3696,0.7342,0.0,0.3029,P020-Q07-ADV-부분일치,1,ADV-부분일치
0.3496,0.8188,0.0,0.3029,P020-Q08-ADV-시점근접,1,ADV-시점근접
0.4055,0.6637,0.0,0.3029,P020-Q09-ADV-유사인물,1,ADV-유사인물
1.0,0.4123,1.0,1.0,P021-Q01-T-거주지,1,T-거주지
1.0,0.7006,1.0,1.0,P021-Q02-T-직업,1,T-직업
1.0,0.8454,1.0,1.0,P021-Q03-T-학력,1,T-학력
0.4962,0.4962,0.0,0.2825,P021-Q04-F-반대,1,F-반대
1.0,0.238,1.0,0.4295,P021-Q05-F-비존재,1,F-비존재
0.3226,0.7819,0.0,0.2825,P021-Q06-F-시점오류,1,F-시점오류
0.3524,0.7167,0.0,0.2825,P021-Q07-ADV-부분일치,1,ADV-부분일치
0.3226,0.8181,0.0,0.2825,P021-Q08-ADV-시점근접,1,ADV-시점근접
0.395,0.5719,0.0,0.2825,P021-Q09-ADV-유사인물,1,ADV-유사인물
1.0,0.6903,1.0,1.0,P022-Q01-T-거주지,1,T-거주지
1.0,0.7964,1.0,1.0,P022-Q02-T-직업,1,T-직업
1.0,0.8136,1.0,1.0,P022-Q03-T-학력,1,T-학력
0.3852,0.6923,0.0,0.2917,P022-Q04-F-반대,1,F-반대
1.0,0.2982,1.0,0.4188,P022-Q05-F-비존재,1,F-비존재
0.3437,0.7648,0.0,0.2917,P022-Q06-F-시점오류,1,F-시점오류
0.3802,0.8456,0.0,0.2917,P022-Q07-ADV-부분일치,1,ADV-부분일치
0.3437,0.8062,0.0,0.2917,P022-Q08-ADV-시점근접,1,ADV-시점근접
0.4429,0.6046,0.0,0.2917,P022-Q09-ADV-유사인물,1,ADV-유사인물
1.0,0.3741,1.0,1.0,P023-Q01-T-거주지,1,T-거주지
1.0,0.7483,1.0,1.0,P023-Q02-T-직업,1,T-직업
1.0,0.8641,1.0,1.0,P023-Q03-T-학력,1,T-학력
0.3795,0.7042,0.0,0.3098,P023-Q04-F-반대,1,F-반대
1.0,0.2708,1.0,0.4125,P023-Q05-F-비존재,1,F-비존재
0.3495,0.8279,0.0,0.3098,P023-Q06-F-시점오류,1,F-시점오류
0.372,0.7501,0.0,0.3098,P023-Q07-ADV-부분일치,1,ADV-부분일치
0.3495,0.8273,0.0,0.3098,P023-Q08-ADV-시점근접,1,ADV-시점근접
0.4439,0.5886,0.0,0.3098,P023-Q09-ADV-유사인물,1,ADV-유사인물
1.0,0.4833,1.0,1.0,P024-Q01-T-거주지,1,T-거주지
1.0,0.7996,1.0,1.0,P024-Q02-T-직업,1,T-직업
1.0,0.8382,1.0,1.0,P024-Q03-T-학력,1,T-학력
0.4764,0.5109,0.0,0.2552,P024-Q04-F-반대,1,F-반대
1.0,0.2086,1.0,0.3945,P024-Q05-F-비존재,1,F-비존재
0.3204,0.8254,0.0,0.2552,P024-Q06-F-시점오류,1,F-시점오류
0.4833,0.6924,0.0,0.2552,P024-Q07-ADV-부분일치,1,ADV-부분일치
0.3204,0.8031,0.0,0.2552,P024-Q08-ADV-시점근접,1,ADV-시점근접
0.4047,0.5803,0.0,0.2552,P024-Q09-ADV-유사인물,1,ADV-유사인물
1.0,0.518,1.0,1.0,P025-Q01-T-거주지,1,T-거주지
1.0,0.7874,1.0,1.0,P025-Q02-T-직업,1,T-직업
1.0,0.7958,1.0,1.0,P025-Q03-T-학력,1,T-학력
0.3785,0.6796,0.0,0.2886,P025-Q04-F-반대,1,F-반대
1.0,0.2763,1.0,0.4042,P025-Q05-F-비존재,1,F-비존재
0.3151,0.7498,0.0,0.2886,P025-Q06-F-시점오류,1,F-시점오류
0.3484,0.8303,0.0,0.2886,P025-Q07-ADV-부분일치,1,ADV-부분일치
0.3151,0.8109,0.0,0.2886,P025-Q08-ADV-시점근접,1,ADV-시점근접
0.4353,0.6448,0.0,0.2886,P025-Q09-ADV-유사인물,1,ADV-유사인물
1.0,0.4726,1.0,1.0,P026-Q01-T-거주지,1,T-거주지
1.0,0.7849,1.0,1.0,P026-Q02-T-직업,1,T-직업
1.0,0.803,1.0,1.0,P026-Q03-T-학력,1,T-학력
0.3846,0.6792,0.0,0.3122,P026-Q04-F-반대,1,F-반대
1.0,0.2854,1.0,0.4301,P026-Q05-F-비존재,1,F-비존재
0.3411,0.8132,0.0,0.3122,P026-Q06-F-시점오류,1,F-시점오류
0.357,0.8452,0.0,0.3122,P026-Q07-ADV-부분일치,1,ADV-부분일치
0.342,0.7613,0.0,0.3122,P026-Q08-ADV-시점근접,1,ADV-시점근접
0.4681,0.5697,0.0,0.3122,P026-Q09-ADV-유사인물,1,ADV-유사인물
1.0,0.3789,1.0,1.0,P027-Q01-T-거주지,1,T-거주지
1.0,0.8052,1.0,1.0,P027-Q02-T-직업,1,T-직업
1.0,0.8435,1.0,1.0,P027-Q03-T-학력,1,T-학력
0.3502,0.7068,0.0,0.2724,P027-Q04-F-반대,1,F-반대
1.0,0.2563,1.0,0.4063,P027-Q05-F-비존재,1,F-비존재
0.3319,0.8295,0.0,0.2724,P027-Q06-F-시점오류,1,F-시점오류
0.5107,0.6742,0.0,0.2724,P027-Q07-ADV-부분일치,1,ADV-부분일치
0.3319,0.8125,0.0,0.2724,P027-Q08-ADV-시점근접,1,ADV-시점근접
0.4403,0.5588,0.0,0.2724,P027-Q09-ADV-유사인물,1,ADV-유사인물
1.0,0.4427,1.0,1.0,P028-Q01-T-거주지,1,T-거주지
1.0,0.7919,1.0,1.0,P028-Q02-T-직업,1,T-직업
1.0,0.8165,1.0,1.0,P028-Q03-T-학력,1,T-학력
0.3805,0.6632,0.0,0.2938,P028-Q04-F-반대,1,F-반대
1.0,0.2691,1.0,0.4128,P028-Q05-F-비존재,1,F-비존재
0.3341,0.7652,0.0,0.2938,P028-Q06-F-시점오류,1,F-시점오류
0.396,0.8261,0.0,0.2938,P028-Q07-ADV-부분일치,1,ADV-부분일치
0.4921,0.5539,0.0,0.2938,P028-Q08-ADV-시점근접,1,ADV-시점근접
0.4217,0.6123,0.0,0.2938,P028-Q09-ADV-유사인물,1,ADV-유사인물
1.0,0.4528,1.0,1.0,P029-Q01-T-거주지,1,T-거주지
1.0,0.806,1.0,1.0,P029-Q02-T-직업,1,T-직업
1.0,0.8428,1.0,1.0,P029-Q03-T-학력,1,T-학력
0.4027,0.6599,0.0,0.3144,P029-Q04-F-반대,1,F-반대
1.0,0.2818,1.0,0.4013,P029-Q05-F-비존재,1,F-비존재
0.3354,0.7992,0.0,0.3144,P029-Q06-F-시점오류,1,F-시점오류
0.3189,0.8514,0.0,0.3144,P029-Q07-ADV-부분일치,1,ADV-부분일치
0.3354,0.8257,0.0,0.3144,P029-Q08-ADV-시점근접,1,ADV-시점근접
0.4285,0.6127,0.0,0.3144,P029-Q09-ADV-유사인물,1,ADV-유사인물
1.0,0.4509,1.0,1.0,P030-Q01-T-거주지,1,T-거주지
1.0,0.7716,1.0,1.0,P030-Q02-T-직업,1,T-직업
1.0,0.8247,1.0,1.0,P030-Q03-T-학력,1,T-학력
0.3937,0.6948,0.0,0.312,P030-Q04-F-반대,1,F-반대
1.0,0.249,1.0,0.4285,P030-Q05-F-비존재,1,F-비존재
0.344,0.7943,0.0,0.312,P030-Q06-F-시점오류,1,F-시점오류
0.3835,0.8264,0.0,0.312,P030-Q07-ADV-부분일치,1,ADV-부분일치
0.344,0.7914,0.0,0.312,P030-Q08-ADV-시점근접,1,ADV-시점근접
0.4442,0.5904,0.0,0.312,P030-Q09-ADV-유사인물,1,ADV-유사인물
1.0,0.4931,0.4,1.0,P001-Q01-T-거주지,3,T-거주지
1.0,0.7644,0.4,1.0,P001-Q02-T-직업,3,T-직업
1.0,0.8538,0.2,1.0,P001-Q03-T-학력,3,T-학력
0.4065,0.6874,0.0,0.2747,P001-Q04-F-반대,3,F-반대
1.0,0.2453,0.2,0.3532,P001-Q05-F-비존재,3,F-비존재
0.3617,0.8218,0.0,0.2747,P001-Q06-F-시점오류,3,F-시점오류
0.3648,0.811,0.0,0.2747,P001-Q07-ADV-부분일치,3,ADV-부분일치
0.3617,0.8298,0.0,0.2747,P001-Q08-ADV-시점근접,3,ADV-시점근접
0.3537,0.6719,0.0,0.2937,P001-Q09-ADV-유사인물,3,ADV-유사인물
1.0,0.4816,0.4,1.0,P002-Q01-T-거주지,3,T-거주지
1.0,0.7989,0.6,1.0,P002-Q02-T-직업,3,T-직업
1.0,0.8287,0.2,1.0,P002-Q03-T-학력,3,T-학력
0.4999,0.5234,0.0,0.2622,P002-Q04-F-반대,3,F-반대
1.0,0.2737,0.6,0.4923,P002-Q05-F-비존재,3,F-비존재
0.339,0.8161,0.0,0.2728,P002-Q06-F-시점오류,3,F-시점오류
0.4979,0.6401,0.0,0.2494,P002-Q07-ADV-부분일치,3,ADV-부분일치
0.339,0.8141,0.0,0.2728,P002-Q08-ADV-시점근접,3,ADV-시점근접
0.4572,0.683,0.0,0.271,P002-Q09-ADV-유사인물,3,ADV-유사인물
1.0,0.4587,0.4,1.0,P003-Q01-T-거주지,3,T-거주지
1.0,0.8088,0.8,1.0,P003-Q02-T-직업,3,T-직업
1.0,0.8594,0.4,1.0,P003-Q03-T-학력,3,T-학력
0.3963,0.7226,0.0,0.2724,P003-Q04-F-반대,3,F-반대
1.0,0.2829,0.2,0.3803,P003-Q05-F-비존재,3,F-비존재
0.3459,0.8002,0.0,0.2805,P003-Q06-F-시점오류,3,F-시점오류
0.3816,0.8846,0.0,0.2805,P003-Q07-ADV-부분일치,3,ADV-부분일치
0.3459,0.8454,0.0,0.2805,P003-Q08-ADV-시점근접,3,ADV-시점근접
0.3599,0.7581,0.0,0.2805,P003-Q09-ADV-유사인물,3,ADV-유사인물
1.0,0.4009,0.4,1.0,P004-Q01-T-거주지,3,T-거주지
1.0,0.8032,0.4,1.0,P004-Q02-T-직업,3,T-직업
1.0,0.8425,0.2,1.0,P004-Q03-T-학력,3,T-학력
0.4841,0.4148,0.0,0.2758,P004-Q04-F-반대,3,F-반대
1.0,0.2318,0.2,0.3967,P004-Q05-F-비존재,3,F-비존재
0.346,0.7959,0.0,0.2758,P004-Q06-F-시점오류,3,F-시점오류
0.2866,0.8544,0.0,0.2758,P004-Q07-ADV-부분일치,3,ADV-부분일치
0.346,0.8383,0.0,0.2758,P004-Q08-ADV-시점근접,3,ADV-시점근접
0.419,0.5763,0.0,0.2758,P004-Q09-ADV-유사인물,3,ADV-유사인물
1.0,0.4981,0.6,1.0,P005-Q01-T-거주지,3,T-거주지
1.0,0.7321,0.4,1.0,P005-Q02-T-직업,3,T-직업
1.0,0.8436,0.2,1.0,P005-Q03-T-학력,3,T-학력
0.4298,0.6897,0.0,0.2962,P005-Q04-F-반대,3,F-반대
1.0,0.2308,0.2,0.3612,P005-Q05-F-비존재,3,F-비존재
0.3594,0.8413,0.0,0.2962,P005-Q06-F-시점오류,3,F-시점오류
0.3977,0.873,0.0,0.2962,P005-Q07-ADV-부분일치,3,ADV-부분일치
0.3594,0.8597,0.0,0.2962,P005-Q08-ADV-시점근접,3,ADV-시점근접
0.3546,0.7186,0.0,0.2962,P005-Q09-ADV-유사인물,3,ADV-유사인물
1.0,0.3856,0.6,1.0,P006-Q01-T-거주지,3,T-거주지
1.0,0.7016,0.6,1.0,P006-Q02-T-직업,3,T-직업
1.0,0.8382,0.2,1.0,P006-Q03-T-학력,3,T-학력
0.3783,0.6349,0.0,0.2873,P006-Q04-F-반대,3,F-반대
1.0,0.2319,0.4,0.5007,P006-Q05-F-비존재,3,F-비존재
0.3362,0.7736,0.0,0.2829,P006-Q06-F-시점오류,3,F-시점오류
0.3549,0.7269,0.0,0.2873,P006-Q07-ADV-부분일치,3,ADV-부분일치
0.3362,0.8237,0.0,0.2829,P006-Q08-ADV-시점근접,3,ADV-시점근접
0.4575,0.6752,0.0,0.2829,P006-Q09-ADV-유사인물,3,ADV-유사인물
1.0,0.3658,0.6,1.0,P007-Q01-T-거주지,3,T-거주지
1.0,0.805,0.8,1.0,P007-Q02-T-직업,3,T-직업
1.0,0.8534,0.4,1.0,P007-Q03-T-학력,3,T-학력
0.362,0.7027,0.0,0.2676,P007-Q04-F-반대,3,F-반대
1.0,0.2472,0.8,0.488,P007-Q05-F-비존재,3,F-비존재
0.3593,0.6914,0.0,0.2683,P007-Q06-F-시점오류,3,F-시점오류
0.3309,0.8174,0.0,0.2676,P007-Q07-ADV-부분일치,3,ADV-부분일치
0.3611,0.6964,0.0,0.2683,P007-Q08-ADV-시점근접,3,ADV-시점근접
0.4373,0.7391,0.0,0.2676,P007-Q09-ADV-유사인물,3,ADV-유사인물
1.0,0.4613,0.4,1.0,P008-Q01-T-거주지,3,T-거주지
1.0,0.796,0.2,1.0,P008-Q02-T-직업,3,T-직업
1.0,0.8503,0.2,1.0,P008-Q03-T-학력,3,T-학력
0.5528,0.5527,0.0,0.281,P008-Q04-F-반대,3,F-반대
1.0,0.2779,0.2,0.431,P008-Q05-F-비존재,3,F-비존재
0.38,0.7422,0.0,0.281,P008-Q06-F-시점오류,3,F-시점오류
0.542,0.6767,0.0,0.281,P008-Q07-ADV-부분일치,3,ADV-부분일치
0.38,0.7978,0.0,0.281,P008-Q08-ADV-시점근접,3,ADV-시점근접
0.3887,0.7132,0.0,0.281,P008-Q09-ADV-유사인물,3,ADV-유사인물
1.0,0.4592,0.4,1.0,P009-Q01-T-거주지,3,T-거주지
1.0,0.7618,0.4,1.0,P009-Q02-T-직업,3,T-직업
1.0,0.8263,0.2,1.0,P009-Q03-T-학력,3,T-학력
0.4114,0.6649,0.0,0.2721,P009-Q04-F-반대,3,F-반대
1.0,0.2728,0.2,0.3603,P009-Q05-F-비존재,3,F-비존재
0.3693,0.768,0.0,0.2676,P009-Q06-F-시점오류,3,F-시점오류
0.3727,0.8121,0.0,0.2676,P009-Q07-ADV-부분일치,3,ADV-부분일치
0.3693,0.8104,0.0,0.2676,P009-Q08-ADV-시점근접,3,ADV-시점근접
0.3861,0.755,0.0,0.2721,P009-Q09-ADV-유사인물,3,ADV-유사인물
1.0,0.3914,0.6,1.0,P010-Q01-T-거주지,3,T-거주지
1.0,0.7797,0.2,1.0,P010-Q02-T-직업,3,T-직업
1.0,0.8174,0.4,1.0,P010-Q03-T-학력,3,T-학력
0.425,0.6517,0.0,0.3012,P010-Q04-F-반대,3,F-반대
1.0,0.2536,0.2,0.4237,P010-Q05-F-비존재,3,F-비존재
0.361,0.8118,0.0,0.3012,P010-Q06-F-시점오류,3,F-시점오류
0.4446,0.625,0.0,0.3012,P010-Q07-ADV-부분일치,3,ADV-부분일치
0.361,0.8094,0.0,0.3012,P010-Q08-ADV-시점근접,3,ADV-시점근접
0.3815,0.6559,0.0,0.3012,P010-Q09-ADV-유사인물,3,ADV-유사인물
1.0,0.3281,0.6,1.0,P011-Q01-T-거주지,3,T-거주지
1.0,0.7367,0.4,1.0,P011-Q02-T-직업,3,T-직업
1.0,0.8165,0.2,1.0,P011-Q03-T-학력,3,T-학력
0.4983,0.4836,0.0,0.2591,P011-Q04-F-반대,3,F-반대
1.0,0.2578,0.2,0.398,P011-Q05-F-비존재,3,F-비존재
0.369,0.7735,0.0,0.2581,P011-Q06-F-시점오류,3,F-시점오류
0.4699,0.6158,0.0,0.2591,P011-Q07-ADV-부분일치,3,ADV-부분일치
0.369,0.8298,0.0,0.2591,P011-Q08-ADV-시점근접,3,ADV-시점근접
0.3357,0.669,0.0,0.2591,P011-Q09-ADV-유사인물,3,ADV-유사인물
1.0,0.4493,0.4,1.0,P012-Q01-T-거주지,3,T-거주지
1.0,0.7808,0.2,1.0,P012-Q02-T-직업,3,T-직업
1.0,0.8198,0.4,1.0,P012-Q03-T-학력,3,T-학력
0.4157,0.6815,0.0,0.2744,P012-Q04-F-반대,3,F-반대
1.0,0.2521,0.2,0.394,P012-Q05-F-비존재,3,F-비존재
0.3385,0.7883,0.0,0.2744,P012-Q06-F-시점오류,3,F-시점오류
0.5521,0.6764,0.0,0.2744,P012-Q07-ADV-부분일치,3,ADV-부분일치
0.3385,0.832,0.0,0.2744,P012-Q08-ADV-시점근접,3,ADV-시점근접
0.436,0.5531,0.0,0.2744,P012-Q09-ADV-유사인물,3,ADV-유사인물
1.0,0.3652,0.4,1.0,P013-Q01-T-거주지,3,T-거주지
1.0,0.7925,0.4,1.0,P013-Q02-T-직업,3,T-직업
1.0,0.4017,0.2,1.0,P013-Q03-T-학력,3,T-학력
0.4514,0.5472,0.0,0.2758,P013-Q04-F-반대,3,F-반대
1.0,0.2381,0.4,0.3913,P013-Q05-F-비존재,3,F-비존재
0.3402,0.7768,0.0,0.272,P013-Q06-F-시점오류,3,F-시점오류
0.4514,0.6736,0.0,0.2758,P013-Q07-ADV-부분일치,3,ADV-부분일치
0.3402,0.8125,0.0,0.272,P013-Q08-ADV-시점근접,3,ADV-시점근접
0.3262,0.6459,0.0,0.272,P013-Q09-ADV-유사인물,3,ADV-유사인물
1.0,0.3992,0.6,1.0,P014-Q01-T-거주지,3,T-거주지
1.0,0.7966,0.4,1.0,P014-Q02-T-직업,3,T-직업
1.0,0.8462,0.2,1.0,P014-Q03-T-학력,3,T-학력
0.4891,0.4741,0.0,0.238,P014-Q04-F-반대,3,F-반대
1.0,0.2532,0.2,0.5046,P014-Q05-F-비존재,3,F-비존재
0.3334,0.786,0.0,0.238,P014-Q06-F-시점오류,3,F-시점오류
0.2718,0.8942,0.0,0.238,P014-Q07-ADV-부분일치,3,ADV-부분일치
0.3334,0.823,0.0,0.238,P014-Q08-ADV-시점근접,3,ADV-시점근접
0.442,0.6535,0.0,0.2494,P014-Q09-ADV-유사인물,3,ADV-유사인물
1.0,0.4281,0.4,1.0,P015-Q01-T-거주지,3,T-거주지
1.0,0.8054,0.6,1.0,P015-Q02-T-직업,3,T-직업
1.0,0.8402,0.2,1.0,P015-Q03-T-학력,3,T-학력
0.3826,0.6958,0.0,0.2616,P015-Q04-F-반대,3,F-반대
1.0,0.2218,0.2,0.3986,P015-Q05-F-비존재,3,F-비존재
0.3353,0.7613,0.0,0.2593,P015-Q06-F-시점오류,3,F-시점오류
0.3846,0.8365,0.0,0.2616,P015-Q07-ADV-부분일치,3,ADV-부분일치
0.3353,0.7979,0.0,0.2593,P015-Q08-ADV-시점근접,3,ADV-시점근접
0.3586,0.686,0.0,0.2701,P015-Q09-ADV-유사인물,3,ADV-유사인물
1.0,0.468,0.4,1.0,P016-Q01-T-거주지,3,T-거주지
1.0,0.7871,0.4,1.0,P016-Q02-T-직업,3,T-직업
1.0,0.8164,0.4,1.0,P016-Q03-T-학력,3,T-학력
0.5084,0.4904,0.0,0.2699,P016-Q04-F-반대,3,F-반대
1.0,0.2622,0.4,0.5217,P016-Q05-F-비존재,3,F-비존재
0.3569,0.7725,0.0,0.2699,P016-Q06-F-시점오류,3,F-시점오류
0.5084,0.6627,0.0,0.284,P016-Q07-ADV-부분일치,3,ADV-부분일치
0.4891,0.5653,0.0,0.2699,P016-Q08-ADV-시점근접,3,ADV-시점근접
0.4623,0.6228,0.0,0.284,P016-Q09-ADV-유사인물,3,ADV-유사인물
1.0,0.4304,0.6,1.0,P017-Q01-T-거주지,3,T-거주지
1.0,0.7652,0.2,1.0,P017-Q02-T-직업,3,T-직업
1.0,0.8324,0.2,1.0,P017-Q03-T-학력,3,T-학력
0.52,0.4515,0.0,0.2907,P017-Q04-F-반대,3,F-반대
1.0,0.3219,0.4,0.4509,P017-Q05-F-비존재,3,F-비존재
0.3463,0.7764,0.0,0.2907,P017-Q06-F-시점오류,3,F-시점오류
0.3912,0.6841,0.0,0.2907,P017-Q07-ADV-부분일치,3,ADV-부분일치
0.3463,0.8334,0.0,0.2907,P017-Q08-ADV-시점근접,3,ADV-시점근접
0.334,0.7288,0.0,0.2907,P017-Q09-ADV-유사인물,3,ADV-유사인물
1.0,0.4948,0.4,1.0,P018-Q01-T-거주지,3,T-거주지
1.0,0.8043,0.4,1.0,P018-Q02-T-직업,3,T-직업
1.0,0.8373,0.2,1.0,P018-Q03-T-학력,3,T-학력
0.4033,0.6671,0.0,0.2796,P018-Q04-F-반대,3,F-반대
1.0,0.2656,0.4,0.4066,P018-Q05-F-비존재,3,F-비존재
0.3574,0.8398,0.0,0.2796,P018-Q06-F-시점오류,3,F-시점오류
0.3877,0.6592,0.0,0.2796,P018-Q07-ADV-부분일치,3,ADV-부분일치
0.3574,0.8394,0.0,0.2796,P018-Q08-ADV-시점근접,3,ADV-시점근접
0.4242,0.6103,0.0,0.2796,P018-Q09-ADV-유사인물,3,ADV-유사인물
1.0,0.4223,0.4,1.0,P019-Q01-T-거주지,3,T-거주지
1.0,0.7966,0.2,1.0,P019-Q02-T-직업,3,T-직업
1.0,0.8463,0.4,1.0,P019-Q03-T-학력,3,T-학력
0.5111,0.4933,0.0,0.2838,P019-Q04-F-반대,3,F-반대
1.0,0.2671,0.4,0.4219,P019-Q05-F-비존재,3,F-비존재
0.3408,0.7976,0.0,0.2838,P019-Q06-F-시점오류,3,F-시점오류
0.5111,0.6741,0.0,0.2838,P019-Q07-ADV-부분일치,3,ADV-부분일치
0.3408,0.8341,0.0,0.2838,P019-Q08-ADV-시점근접,3,ADV-시점근접
0.3696,0.76,0.0,0.2838,P019-Q09-ADV-유사인물,3,ADV-유사인물
1.0,0.475,0.4,1.0,P020-Q01-T-거주지,3,T-거주지
1.0,0.8037,0.2,1.0,P020-Q02-T-직업,3,T-직업
1.0,0.856,0.2,1.0,P020-Q03-T-학력,3,T-학력
0.4954,0.5172,0.0,0.266,P020-Q04-F-반대,3,F-반대
1.0,0.2457,0.2,0.4184,P020-Q05-F-비존재,3,F-비존재
0.3496,0.7716,0.0,0.2643,P020-Q06-F-시점오류,3,F-시점오류
0.3726,0.7326,0.0,0.266,P020-Q07-ADV-부분일치,3,ADV-부분일치
0.3496,0.8188,0.0,0.2643,P020-Q08-ADV-시점근접,3,ADV-시점근접
0.3496,0.6827,0.0,0.266,P020-Q09-ADV-유사인물,3,ADV-유사인물
1.0,0.47,0.4,1.0,P021-Q01-T-거주지,3,T-거주지
1.0,0.7006,0.4,1.0,P021-Q02-T-직업,3,T-직업
1.0,0.8454,0.2,1.0,P021-Q03-T-학력,3,T-학력
0.3602,0.6704,0.0,0.2502,P021-Q04-F-반대,3,F-반대
1.0,0.238,0.2,0.3711,P021-Q05-F-비존재,3,F-비존재
0.3226,0.7819,0.0,0.2502,P021-Q06-F-시점오류,3,F-시점오류
0.3524,0.7167,0.0,0.2502,P021-Q07-ADV-부분일치,3,ADV-부분일치
0.3226,0.8181,0.0,0.2502,P021-Q08-ADV-시점근접,3,ADV-시점근접
0.3393,0.6539,0.0,0.2645,P021-Q09-ADV-유사인물,3,ADV-유사인물
1.0,0.5078,0.6,1.0,P022-Q01-T-거주지,3,T-거주지
1.0,0.7964,0.2,1.0,P022-Q02-T-직업,3,T-직업
1.0,0.8136,0.4,1.0,P022-Q03-T-학력,3,T-학력
0.5042,0.522,0.0,0.2774,P022-Q04-F-반대,3,F-반대
1.0,0.2982,0.2,0.4025,P022-Q05-F-비존재,3,F-비존재
0.3437,0.7648,0.0,0.2774,P022-Q06-F-시점오류,3,F-시점오류
0.3873,0.6248,0.0,0.2828,P022-Q07-ADV-부분일치,3,ADV-부분일치
0.3437,0.8062,0.0,0.2774,P022-Q08-ADV-시점근접,3,ADV-시점근접
0.3678,0.703,0.0,0.2774,P022-Q09-ADV-유사인물,3,ADV-유사인물
1.0,0.4876,0.4,1.0,P023-Q01-T-거주지,3,T-거주지
1.0,0.7483,0.4,1.0,P023-Q02-T-직업,3,T-직업
1.0,0.8641,0.8,1.0,P023-Q03-T-학력,3,T-학력
0.5019,0.5132,0.0,0.2664,P023-Q04-F-반대,3,F-반대
1.0,0.2708,0.0,0.3366,P023-Q05-F-비존재,3,F-비존재
0.3495,0.8279,0.0,0.2805,P023-Q06-F-시점오류,3,F-시점오류
0.372,0.7501,0.0,0.2664,P023-Q07-ADV-부분일치,3,ADV-부분일치
0.3495,0.8273,0.0,0.2664,P023-Q08-ADV-시점근접,3,ADV-시점근접
0.374,0.6911,0.0,0.2811,P023-Q09-ADV-유사인물,3,ADV-유사인물
1.0,0.6984,0.4,1.0,P024-Q01-T-거주지,3,T-거주지
1.0,0.7996,0.2,1.0,P024-Q02-T-직업,3,T-직업
1.0,0.8382,0.2,1.0,P024-Q03-T-학력,3,T-학력
0.4985,0.5129,0.0,0.2735,P024-Q04-F-반대,3,F-반대
1.0,0.2086,0.2,0.3785,P024-Q05-F-비존재,3,F-비존재
0.3204,0.8254,0.0,0.2229,P024-Q06-F-시점오류,3,F-시점오류
0.4985,0.6567,0.0,0.2229,P024-Q07-ADV-부분일치,3,ADV-부분일치
0.3204,0.8031,0.0,0.2229,P024-Q08-ADV-시점근접,3,ADV-시점근접
0.3119,0.7301,0.0,0.2443,P024-Q09-ADV-유사인물,3,ADV-유사인물
1.0,0.5128,0.4,1.0,P025-Q01-T-거주지,3,T-거주지
1.0,0.7874,0.2,1.0,P025-Q02-T-직업,3,T-직업
1.0,0.7958,0.2,1.0,P025-Q03-T-학력,3,T-학력
0.3858,0.6752,0.0,0.2601,P025-Q04-F-반대,3,F-반대
1.0,0.2763,0.2,0.4104,P025-Q05-F-비존재,3,F-비존재
0.3151,0.7498,0.0,0.2588,P025-Q06-F-시점오류,3,F-시점오류
0.3858,0.8201,0.0,0.2596,P025-Q07-ADV-부분일치,3,ADV-부분일치
0.3151,0.8109,0.0,0.2588,P025-Q08-ADV-시점근접,3,ADV-시점근접
0.3554,0.7141,0.0,0.2588,P025-Q09-ADV-유사인물,3,ADV-유사인물
1.0,0.4709,0.4,1.0,P026-Q01-T-거주지,3,T-거주지
1.0,0.7849,0.2,1.0,P026-Q02-T-직업,3,T-직업
1.0,0.803,0.2,1.0,P026-Q03-T-학력,3,T-학력
0.3867,0.6847,0.0,0.2892,P026-Q04-F-반대,3,F-반대
1.0,0.2854,0.2,0.4149,P026-Q05-F-비존재,3,F-비존재
0.3411,0.8132,0.0,0.2839,P026-Q06-F-시점오류,3,F-시점오류
0.3892,0.8295,0.0,0.2892,P026-Q07-ADV-부분일치,3,ADV-부분일치
0.3411,0.7854,0.0,0.2839,P026-Q08-ADV-시점근접,3,ADV-시점근접
0.4681,0.5697,0.0,0.2892,P026-Q09-ADV-유사인물,3,ADV-유사인물
1.0,0.4877,0.4,1.0,P027-Q01-T-거주지,3,T-거주지
1.0,0.8052,0.2,1.0,P027-Q02-T-직업,3,T-직업
1.0,0.8435,0.4,1.0,P027-Q03-T-학력,3,T-학력
0.5099,0.532,0.0,0.2563,P027-Q04-F-반대,3,F-반대
1.0,0.2563,0.0,0.3417,P027-Q05-F-비존재,3,F-비존재
0.3319,0.8295,0.0,0.2563,P027-Q06-F-시점오류,3,F-시점오류
0.5142,0.6703,0.0,0.2563,P027-Q07-ADV-부분일치,3,ADV-부분일치
0.3319,0.8125,0.0,0.2563,P027-Q08-ADV-시점근접,3,ADV-시점근접
0.3455,0.6919,0.0,0.2695,P027-Q09-ADV-유사인물,3,ADV-유사인물
1.0,0.4482,0.6,1.0,P028-Q01-T-거주지,3,T-거주지
1.0,0.7919,0.2,1.0,P028-Q02-T-직업,3,T-직업
1.0,0.8165,0.4,1.0,P028-Q03-T-학력,3,T-학력
0.396,0.6996,0.0,0.2766,P028-Q04-F-반대,3,F-반대
1.0,0.2691,0.4,0.4157,P028-Q05-F-비존재,3,F-비존재
0.3341,0.7652,0.0,0.2766,P028-Q06-F-시점오류,3,F-시점오류
0.396,0.8261,0.0,0.2766,P028-Q07-ADV-부분일치,3,ADV-부분일치
0.3341,0.8156,0.0,0.2766,P028-Q08-ADV-시점근접,3,ADV-시점근접
0.3459,0.6951,0.0,0.2766,P028-Q09-ADV-유사인물,3,ADV-유사인물
1.0,0.371,0.4,1.0,P029-Q01-T-거주지,3,T-거주지
1.0,0.806,0.2,1.0,P029-Q02-T-직업,3,T-직업
1.0,0.8428,0.2,1.0,P029-Q03-T-학력,3,T-학력
0.52,0.4464,0.0,0.3004,P029-Q04-F-반대,3,F-반대
1.0,0.2818,0.2,0.3992,P029-Q05-F-비존재,3,F-비존재
0.3354,0.7992,0.0,0.3004,P029-Q06-F-시점오류,3,F-시점오류
0.3912,0.6827,0.0,0.3004,P029-Q07-ADV-부분일치,3,ADV-부분일치
0.3354,0.8257,0.0,0.3004,P029-Q08-ADV-시점근접,3,ADV-시점근접
0.4296,0.5974,0.0,0.3004,P029-Q09-ADV-유사인물,3,ADV-유사인물
1.0,0.4374,0.4,1.0,P030-Q01-T-거주지,3,T-거주지
1.0,0.7716,0.4,1.0,P030-Q02-T-직업,3,T-직업
1.0,0.8247,0.2,1.0,P030-Q03-T-학력,3,T-학력
0.4008,0.6917,0.0,0.2934,P030-Q04-F-반대,3,F-반대
1.0,0.249,0.2,0.3918,P030-Q05-F-비존재,3,F-비존재
0.3422,0.8189,0.0,0.2847,P030-Q06-F-시점오류,3,F-시점오류
0.3835,0.8264,0.0,0.2847,P030-Q07-ADV-부분일치,3,ADV-부분일치
0.3422,0.8058,0.0,0.2847,P030-Q08-ADV-시점근접,3,ADV-시점근접
0.4531,0.558,0.0,0.2847,P030-Q09-ADV-유사인물,3,ADV-유사인물
