uuid,sex,age,age_bin,province,district,region_class,marital_status,education_level,bachelors_field,occupation,family_type,housing_type,persona,professional_persona,family_persona,culinary_persona,hobbies_and_interests,cultural_background
0728878bf33c404ab5aa8501eb92dc0c,남자,65,60대,인천,인천-부평구,수도권,배우자있음,고등학교,해당없음,건물 경비원,배우자·자녀와 거주,다세대주택,"김원규 씨는 부평에서 성실하게 근무하는 경비원이자, 가족을 위해 헌신하며 건강과 일상의 소소한 행복 사이에서 균형을 잡으려 노력하는 60대 가장입니다.",김원규 씨는 부평의 한 아파트 단지에서 입주민들의 사소한 불편함까지 세심하게 챙기며 정해진 순찰 경로를 한 치의 오차 없이 걷는 성실한 경비원입니다. 가끔 까다로운 입주민을 만나면 속으로 한숨을 내쉬면서도 겉으로는 허허실실 웃으며 상황을 유연하게 넘기는 능숙함을 보입니다.,"김원규 씨는 무뚝뚝한 표현 방식 때문에 서툴 때가 많지만, 퇴근길에 아내가 좋아하는 과일을 사 들고 오는 것으로 마음을 전하는 전형적인 한국의 아버지입니다. 자녀들이 성인이 된 후에도 함께 살며 그들의 고민을 묵묵히 들어주고, 주말이면 가족 모두를 이끌고 강화도 바다로 나가는 든든한 버팀목 역할을 합니다.","김원규 씨는 일주일에 한 번 가족들과 함께 동네 보리밥집이나 청국장 전문점에서 구수한 한식을 먹으며 담소를 나누는 시간을 가장 좋아합니다. 가끔은 단골 주점에서 시원한 맥주 한 잔에 마른안주를 곁들이며 옛 동료들과의 추억을 회상하고, 한 달에 한 번 정도는 자녀들의 권유로 치킨이나 짜장면 같은 배달 음식을 시켜 먹습니다.","주말이면 가족들과 함께 강화도 바닷가에서 낚싯대를 드리우고 시간을 보내며, 평일 퇴근 후에는 굴포천 산책로를 걸으며 혈당 관리를 합니다.","부평 공단 주변의 활기찬 분위기 속에서 성장하며 성실함이 최고의 가치라고 믿어왔고, 고등학교 졸업 후 빠르게 사회생활을 시작해 가족의 생계를 책임져온 전형적인 한국의 아버지 세대입니다."
a18f155639d6467cab9b249af1fdb6f4,남자,61,60대,전라남,전라남-순천시,지방,배우자있음,4년제 대학교,예술·인문,무직,배우자와 거주,아파트,"이재환 씨는 순천에 거주하며 인문학적 소양과 꼼꼼한 계획성을 바탕으로 문화관광해설사를 꿈꾸는, 정적인 삶과 지적 탐구를 지향하는 60대 남성입니다.","이재환 씨는 낙안읍성 민속마을에서 방문객들에게 지역의 숨은 이야기를 들려주는 문화관광해설사가 되기 위해 매일같이 지역사 자료를 수집하고 공부합니다. 그는 꼼꼼하게 정리한 수첩을 바탕으로 정확한 정보를 전달하며, 은퇴 후 잃어버린 사회적 소속감을 전문적인 활동을 통해 되찾으려 노력합니다.","이재환 씨는 아내와 함께 SUV를 타고 드라이브를 떠나는 시간을 통해 부부 사이의 돈독한 정을 확인하며 평온한 노후를 보냅니다. 상대의 감정을 세밀하게 살피는 성격 덕분에 아내와 큰 갈등 없이 조화로운 관계를 유지하며, 서로의 취향을 존중하는 차분한 대화를 나눕니다.","이재환 씨는 2주에 한 번 시내의 오래된 중식당을 찾아 아내와 함께 탕수육과 짬뽕을 나누어 먹는 소소한 외식 시간을 손꼽아 기다립니다. 고기 중심의 식단보다는 정갈한 나물 위주의 한식을 즐기며, 배달 앱을 사용하는 법은 알지만 굳이 쓰지 않고 직접 식당을 방문하는 정성을 들입니다.",주말이면 아내와 함께 SUV를 타고 전남 곳곳의 한적한 사찰을 찾아다니며 KBS 제1라디오의 고전 음악 프로그램을 감상합니다. 2주에 한 번꼴로 시내의 오래된 중식당을 방문해 아내와 함께 탕수육과 짬뽕을 나누어 먹으며 담소를 나눕니다.,"순천만 국가정원의 정갈한 풍경 속에서 인문학적 가치를 찾는 시간을 즐기며, 매일 아침 지역 신문의 오피니언 면을 꼼꼼히 읽으며 하루를 시작합니다. 대학 시절 전공한 예술 이론의 기억을 더듬어 동네 작은 갤러리의 전시물을 분석하며 자신만의 감상평을 남기곤 합니다."
cce07c1836d942fd92bca585ed8bc94d,남자,68,60대,서울,서울-강서구,수도권,배우자있음,고등학교,해당없음,전화 상담원,배우자·자녀와 거주,아파트,"유영실 씨는 섬세한 공감 능력으로 사람을 대하는 노련한 상담원이자, 예술적 감수성과 절제된 생활 습관을 지닌 강서구의 다정한 가장입니다.","유영실 씨는 강서구의 한 유통업체 콜센터에서 수화기 너머의 작은 한숨 소리만으로도 고객의 짜증을 읽어내어 능숙하게 달래는 노련한 상담원입니다. 가끔은 젊은 상사의 서툰 지시에 속으로 헛웃음을 짓기도 하지만, 특유의 유연함으로 상황을 넘기며 동료들에게는 언제든 고민을 털어놓을 수 있는 넉넉한 그늘 같은 존재로 통합니다.","유영실 씨는 집안의 중심을 잡는 든든한 아버지이자 남편으로, 자녀들의 고민 섞인 말 한마디에도 귀를 기울이며 따뜻한 조언을 건네는 다정한 성격입니다. 가끔은 세대 차이로 인해 대화가 끊길 때면 씁쓸함을 느끼지만, 묵묵히 과일을 깎아 내어놓으며 가족 간의 화목을 유지하려 노력합니다.",유영실 씨는 한 달에 한 번 가족들과 함께 외식을 나갈 때면 고깃집보다는 정갈한 나물 반찬이 나오는 보리밥집이나 깔끔한 초밥집을 찾습니다. 2주에 한 번 배달 앱으로 주문하는 일식 돈카츠나 우동은 바쁜 일상 속에서 스스로에게 주는 작은 보상과도 같습니다.,"스마트폰으로 퍼즐 게임을 풀거나 유튜브에서 국내외 미술관 도슨트 영상을 찾아보며 상상력을 키우고, 가끔 마음이 답답할 때는 가족들과 함께 지역 축제나 뜨끈한 온천을 찾아다니며 일상의 스트레스를 해소합니다.","강서구의 오래된 아파트 단지 사이를 산책하며 변해가는 동네 풍경을 관찰하는 것을 즐기며, 젊은 시절부터 남몰래 소설과 그림에 몰두했던 예술적 감수성을 간직하고 있습니다. 빠르게 변하는 세상에 호기심을 느끼면서도, 가끔은 따라잡지 못하는 속도감에 소외감을 느껴 혼자만의 생각에 잠기곤 합니다."
ef0f45c383544135813c7de979729e88,남자,62,60대,전북,전북-전주시 완산구,지방,배우자있음,4년제 대학교,서비스,무직,기타2세대,아파트,"기경수 씨는 서비스업의 노련함과 당뇨라는 건강상의 제약을 동시에 가진 채, 전주의 고즈넉한 일상 속에서 질서 정연한 은퇴 생활을 영위하는 고집 센 신사입니다.","기경수 씨는 서비스업 현장에서 수십 년간 닦은 노련한 고객 응대법과 인력 관리 기술을 가진 은퇴자로, 현재는 지역 사회의 신뢰받는 원로로서 경험을 나누는 자문 역할을 꿈꿉니다. 기경수 씨는 복잡한 행사 일정표를 1분 단위로 설계할 만큼 꼼꼼하지만, 때로는 자신의 방식만을 고집하는 비판적인 조언으로 주변의 숨을 막히게 하곤 합니다.","기경수 씨는 배우자와 함께 전주 아파트에서 거주하며 예의와 격식을 중시하는 가풍을 유지하려 노력합니다. 기경수 씨는 가족들에게 정중한 말투를 사용하지만, 집안의 물건 배치나 청소 상태가 자신의 기준에서 벗어나면 날카로운 지적을 쏟아내어 집안 분위기를 순식간에 얼어붙게 만듭니다.",기경수 씨는 2주에 한 번 정도 단골 식당을 찾아 뜨끈한 콩나물국밥 한 그릇으로 식사를 해결하며 소박한 만족감을 느낍니다. 기경수 씨는 한 달에 한 번 배달 음식을 시켜 먹을 때면 주로 간단한 김밥이나 떡볶이 같은 분식류를 선택해 천천히 맛을 음미합니다.,"덕진공원 산책길을 따라 걸으며 계절의 변화를 살피고, 유튜브에서 역사 다큐멘터리를 찾아보며 시간을 보냅니다. 가끔 마음 맞는 친구들과 국립전주박물관의 특별 전시를 관람한 뒤, 단골 식당에서 콩나물국밥을 먹으며 담소를 나누는 일상에서 만족감을 느낍니다.","전주 완산구의 고즈넉한 분위기와 한옥마을 인근의 정취 속에서 생활하며, 예의와 격식을 중시하는 전북 지역 특유의 정서가 깊게 배어 있습니다. 대학에서 서비스 전공을 하며 익힌 정중함이 몸에 배어 있으나, 내면에는 자신만의 뚜렷한 기준과 고집이 공존하는 세대적 특성을 보입니다."
81fcf9ff35544fcda711ae7440638b55,남자,67,60대,서울,서울-서초구,수도권,배우자있음,고등학교,해당없음,전화 상담원,배우자와 거주,아파트,"이강철 씨는 서초구에서 성실하게 근무하는 전기·가스 상담원이자, 철저한 자기관리와 실속 있는 삶을 지향하는 60대 가장입니다.","이강철 씨는 전기와 가스 규정을 손바닥 보듯 꿰고 있어, 억지스러운 민원인 앞에서도 차분하게 논리를 펼치며 상황을 제압하는 센터의 베테랑 상담원입니다. 이강철 씨는 후배들이 쩔쩔매는 난제들을 명쾌하게 해결해주며 조직 내에서 없어서는 안 될 살아있는 백과사전 같은 존재로 인정받고 싶어 합니다.","이강철 씨는 아내와 함께 서초구의 전세 아파트에서 서로의 일상을 공유하며, 함께 수목원을 여행하는 것으로 부부간의 정을 확인합니다. 이강철 씨는 겉으로는 무뚝뚝하고 단호한 성격이지만, 아내가 좋아하는 꽃이 핀 수목원 정보를 미리 알아보고 예약하는 세심한 면모를 보입니다.","이강철 씨는 일주일에 한 번 외식을 하며, 고기집보다는 나물 반찬이 정갈하게 나오는 한식당이나 얼큰한 국물이 일품인 중식당의 짬뽕을 즐겨 찾습니다. 이강철 씨는 배달 음식을 한 달에 한 번 겨우 시켜 먹을 정도로 집밥과 정해진 식사 시간을 중요하게 생각하는 보수적인 식습관을 가지고 있습니다.","주말이면 아내와 함께 전국의 수목원을 찾아다니며 조용히 풍경을 감상하고, 평일 저녁에는 배드민턴 클럽에서 땀을 흘린 뒤 단골 목욕탕에서 하루의 피로를 풉니다. 가끔은 단골 중식당에서 짬뽕 한 그릇을 비우며 오래된 지인들과 바둑 한 판을 두는 시간을 보냅니다.","서초구의 정돈된 거리 분위기를 좋아해 매일 아침 양재천변을 걷지만, 전세 아파트의 계약 만료일과 지출 내역을 꼼꼼히 적어둔 가계부를 쓰며 생활비를 관리합니다. 고등학교 졸업 후 빠르게 사회에 뛰어들어 겪은 치열함이 몸에 배어 있어, 예의는 갖추되 실속 없는 관계에는 시간을 낭비하지 않는 성격입니다."
9a260bae731a46d79e12258904312aa4,여자,65,60대,경기,경기-수원시 장안구,수도권,배우자있음,중학교,해당없음,음식 서비스 종사원,배우자와 거주,단독주택,"우동화 씨는 수원 장안구에서 학교 급식실 조리원으로 일하며, 소박한 일상의 안정과 친구들과의 수다를 통해 삶의 활력을 얻는 60대 여성입니다.","우동화 씨는 학교 급식실에서 수백 명의 아이들을 위해 대형 가마솥에 국을 끓이고 식재료를 전광석화처럼 손질하며, 정년퇴직 날까지 매달 꼬박꼬박 들어오는 월급의 안정감을 누리려 합니다.","우동화 씨는 장안구의 오래된 단독주택에서 남편과 함께 서로의 투박한 일상을 공유하며, 가끔은 말다툼을 벌이기도 하지만 결국은 같이 텔레비전 앞에 앉아 과일을 깎아 먹는 평범한 부부의 삶을 삽니다.","우동화 씨는 일주일에 한 번, 단골 분식집에서 매콤한 떡볶이와 꼬마김밥을 주문해 친구들과 수다를 떨며, 집에서는 고기 없는 깔끔한 나물 반찬 위주의 소박한 식탁을 차립니다.","광교산 자락의 흙길을 천천히 걸으며 계절의 변화를 살피고, 동네 친구들과 분식집에서 떡볶이와 꼬마김밥을 나눠 먹으며 밀린 이야기를 나누는 시간을 즐깁니다.","수원 장안구의 오래된 골목 정취 속에서 살아왔으며, 배움에 대한 갈증을 품은 채 가족을 위해 일찍이 사회생활을 시작한 세대의 삶을 살아왔습니다."
0497d57aa9a64e4994ca0468f49be3f3,여자,63,60대,대구,대구-수성구,광역시,미혼,고등학교,해당없음,무직,혼자 거주,아파트,"권양희 씨는 대구 수성구의 자가 아파트에서 거주하며, 신문 읽기와 원예, 수성못 산책으로 평온한 노후를 보내는 실용적이고 차분한 성격의 60대 미혼 여성입니다.","권양희 씨는 현재 직업 활동을 하고 있지 않지만, 수성구 일대 전통시장과 마트의 물가 변동을 훤히 꿰뚫고 있어 가계 경제를 가장 효율적으로 꾸려나가는 살림 전문가의 면모를 보입니다. 베란다의 화초들이 시들지 않게 햇빛의 양과 물 주는 시기를 정확히 맞추는 세심한 원예 감각으로 집안의 작은 정원을 완벽하게 관리합니다.","권양희 씨는 수성구 아파트에서 홀로 거주하며 독립적인 삶을 꾸리고 있지만, 주말마다 찾아오는 가족들을 위해 정성스럽게 음식을 준비하며 깊은 유대감을 나눕니다. 고등학교 시절부터 인연을 맺어온 오랜 친구들과 수시로 전화 통화를 하며 서로의 안부를 묻고 소소한 일상을 공유하는 것으로 적적함을 달랩니다.","권양희 씨는 주말이면 가족들을 위해 갖은 나물을 정성껏 무쳐 정갈한 한식 상차림을 준비하며, 외식으로는 동네 중식당에서 짬뽕 한 그릇과 탕수육 하나를 곁들여 가끔의 별미를 즐깁니다. 달지 않은 차와 담백한 음식을 챙겨 먹으며, 2주에 한 번 정도 배달 음식으로 간편하게 한 끼를 해결하는 소소한 일탈을 즐기기도 합니다.","동네의 조용한 디저트 카페에 앉아 달지 않은 차를 마시며 시간을 보내거나, 고등학교 시절부터 알고 지낸 친구들과 전화로 소소한 일상을 공유하는 것을 즐깁니다. 주말이면 가족들이 모여 함께 먹을 정갈한 나물 반찬을 준비하고, 가끔은 분위기 좋은 중식당에서 요리 하나를 곁들인 식사를 합니다.","수성구의 조용한 아파트 단지에서 오래 거주하며 동네의 변화를 지켜봐 왔고, 매일 아침 배달되는 신문을 꼼꼼히 읽으며 세상 돌아가는 일을 파악하는 정적인 일상을 보냅니다. 겉으로는 차분해 보이지만 필요할 때는 자기 생각을 분명히 말하는 수성구 특유의 은근한 자부심과 실용적인 생활 태도가 몸에 배어 있습니다."
43a635b2a4114071a8acdc53961b68f2,여자,62,60대,서울,서울-노원구,수도권,배우자있음,중학교,해당없음,무직,배우자·자녀와 거주,다세대주택,"이미숙 씨는 노원구에서 성실하게 가정을 일궈온 60대 주부로, 건강 관리와 가족의 화목을 최우선으로 여기며 소박한 일상의 평화를 찾는 분입니다.","이미숙 씨는 노원구 중계동에서 수십 년간 살림을 도맡아온 가계 경영의 베테랑으로, 시장 물가를 꿰뚫는 안목을 통해 적은 비용으로 풍성한 식탁을 차려내는 능력이 탁월합니다. 주민센터 스마트폰 강좌를 수강하며 익힌 솜씨로 손주들에게 영상통화를 걸거나 건강 정보를 검색하는 등 디지털 세상에 천천히 발을 들이고 있습니다.","이미숙 씨는 중계동 다세대 주택에서 남편과 자녀들을 위해 헌신해 왔으며, 정해진 규칙을 중요하게 여기면서도 자식들의 간곡한 부탁에는 결국 마음이 약해져 다 들어주고 마는 전형적인 한국의 어머니입니다. 가끔은 자녀들의 무심함에 서운함을 느끼지만, 함께 빵집에서 디저트를 나누어 먹는 짧은 순간에 모든 갈등을 잊고 만족해합니다.",이미숙 씨는 명절마다 온 집안에 냄새가 진동할 정도로 정성스럽게 끓여내는 갈비찜과 잡채로 가족들의 입맛을 사로잡는 손맛 좋은 어머니입니다. 2주에 한 번 배달 음식을 시켜 먹는 날에는 평소 고집하던 한식 대신 자녀들이 좋아하는 메뉴를 함께 나누며 소소한 미식을 즐깁니다.,"평일 오후에는 동네 사우나에서 오랜 지인들과 소소한 이야기를 나누며 일상의 긴장을 풀고, 주말이면 가족들의 권유로 최신 영화를 관람하며 세상을 구경합니다. 유튜브에서 당뇨 식단 영상을 찾아보며 식사를 조절하려 노력하지만, 가끔은 좋아하는 단팥빵의 유혹을 이기지 못해 스스로에게 실망하기도 합니다.","노원구 중계동 일대의 오래된 다세대 주택가에서 자녀들을 키워내며, 성실함 하나로 가정을 지탱해 온 세월이 몸에 배어 있습니다. 정해진 규칙을 지키는 것을 중요하게 여기면서도, 자식들의 요구에는 유연하게 대처하며 살아온 한국 어머니의 전형적인 삶의 궤적을 그리며 살아왔습니다."
8685e600502f463d8921e6e681ddc431,여자,65,60대,경기,경기-광명시,수도권,배우자있음,중학교,해당없음,요양 보호사,배우자와 거주,주택 이외의 거처,"이진숙 씨는 광명시에서 요양 보호사로 일하며 배움의 열정을 놓지 않고 사회복지사를 꿈꾸는, 다정하면서도 섬세한 60대 여성입니다.","이진숙 씨는 요양 보호 현장에서 어르신들의 체위 변경과 식사 보조를 능숙하게 수행하며, 상대의 미세한 표정 변화만으로 심리적 불편함을 읽어내어 대응하는 세심한 돌봄 능력을 보여줍니다. 이진숙 씨는 현재의 보람을 바탕으로 사회복지사 자격증을 취득하여 더 체계적인 복지 시스템 안에서 일하겠다는 구체적인 목표를 가지고 틈틈이 공부하고 있습니다.","이진숙 씨는 평생을 함께한 남편과 단둘이 거주하며 서로 의지하는 안정적인 관계를 유지하고 있습니다. 이진숙 씨는 남편과 함께하는 외출과 식사를 통해 정서적 충만함을 느끼지만, 때로는 혼자만의 시간이 필요해 방 안에서 조용히 낮잠을 청하며 에너지를 보충합니다.","이진숙 씨는 광명 전통시장에서 파는 나물 비빔밥의 투박한 맛을 즐기며, 가끔은 분위기 있는 식당에서 꾸덕한 크림 파스타를 먹으며 기분을 전환합니다. 이진숙 씨는 일주일에 두세 번 배달 음식을 시켜 먹으며 주방 일에서 벗어나 여유롭게 식사하는 시간을 갖습니다.","주말이면 남편과 함께 구름산 등산로를 걷고 하산 후에 광명 전통시장에서 나물 비빔밥을 먹거나, 가끔은 분위기 있는 식당에서 크림 파스타를 즐기며 일상의 스트레스를 해소합니다.","광명시 철산동 일대에서 오랜 시간 거주하며 도시의 팽창을 지켜봤고, 배움의 기회가 적었던 학창 시절의 갈증을 유튜브 영상이나 동네 복지관의 평생 교육 프로그램으로 채우며 세상의 변화를 유연하게 받아들입니다."
2cabd6dfddfa4a3fadd74a89aa249601,여자,62,60대,서울,서울-중랑구,수도권,배우자있음,중학교,해당없음,무직,배우자와 거주,다세대주택,"오양순 씨는 중랑구 망우동에서 강인한 생활력으로 가족을 일궈온 60대 여성으로, 임영웅의 노래와 중랑천 산책, 친구들과의 맛집 여행으로 소소한 행복을 찾는 분입니다.","오양순 씨는 중학교 졸업 후 곧장 생업에 뛰어들어 가족을 먹여 살린 세월 덕분에 눈썰미가 매섭고 손끝이 야무지며, 지금은 집안의 낡은 짐들을 단숨에 분류해 버리는 정리 정돈의 달인으로 통합니다.","오양순 씨는 무뚝뚝한 남편과 다세대주택에서 함께 살며 묵묵히 가정을 건사해 왔고, 이제는 서로의 존재만으로도 안심이 되는 노년의 동반자 관계를 유지하고 있습니다.","오양순 씨는 제철 나물을 정성껏 무쳐 식탁에 올리는 살림꾼이지만, 일주일에 한 번은 친구들과 동네 주점에 모여 안주를 곁들인 수다 타임을 가지며 삶의 애환을 나눕니다.","오후가 되면 정갈하게 옷을 차려입고 중랑천변을 천천히 산책하거나, 유튜브로 임영웅의 노래 영상을 반복해서 보며 마음을 달랩니다. 가끔은 친구들과 함께 전주나 순천으로 떠나 꼬막 정식이나 콩나물국밥 같은 지역 별미를 찾아다니는 여행에 설렙니다.","오양순 님은 중랑구 망우동의 좁은 골목길 정취에 익숙하며, 중학교 졸업 후 빠르게 사회생활을 시작해 가족을 건사해 온 강인함이 몸에 배어 있습니다. 동네 복지관에서 만난 또래들과 정답게 수다를 떨며 삶의 애환을 나누는 시간을 소중히 여기며, 세대 간의 예의를 중요하게 생각합니다."
1df645cc5f524089ab86d2e72e426441,남자,73,70대,경기,경기-남양주시,수도권,배우자있음,초등학교,해당없음,그 외 상점 판매원,배우자·자녀와 거주,아파트,김인재 씨는 남양주에서 상점을 운영하며 몸으로 배운 삶의 지혜와 소박한 일상의 가치를 소중히 여기는 70대 가장입니다.,김인재 씨는 남양주 시장 거리에서 수십 년간 잡화점을 운영하며 손님이 문을 열고 들어오는 발소리만 들어도 무엇을 찾으러 왔는지 맞히는 탁월한 눈썰미를 가졌습니다. 다만 최신 카드 단말기의 결제 취소 버튼을 찾지 못해 쩔쩔매며 옆에 있던 단골 손님에게 도움을 청하는 모습이 일상입니다.,"김인재 씨는 남양주의 아파트에서 아내와 자녀들과 함께 북적이며 살아가며, 가장으로서의 권위보다는 함께 텔레비전을 보며 낮잠을 청하는 편안한 관계를 지향합니다. 가끔 자녀들과 의견 차이가 생겨도 특유의 유연함으로 허허 웃어넘기며 집안의 평화를 유지합니다.",김인재 씨는 2주에 한 번 정도 가족들과 함께 동네 단골 식당에서 보리밥 정식이나 청국장을 나누어 먹으며 소소한 행복을 누립니다. 입맛이 없을 때는 시장 입구 분식집에서 갓 말아낸 김밥과 떡볶이를 사다 아내와 함께 나누어 먹습니다.,"남한강 변을 산책하며 계절마다 바뀌는 꽃들을 낡은 DSLR 카메라에 담고, 주말이면 교회 식구들과 함께 근교의 문화유적지를 둘러봅니다. 친구들과 함께하는 게이트볼 경기 후 마시는 시원한 막걸리 한 잔에서 삶의 낙을 찾습니다.","남양주의 논밭이 아파트 단지로 변하는 과정을 지켜보며 살아왔으며, 교과서보다는 시장 바닥에서 몸으로 배운 삶의 지혜를 더 신뢰합니다. 정해진 틀에 얽매이기보다 그때그때 상황에 맞춰 유연하게 대처하는 것이 몸에 배어 있습니다."
acc0004936b94236b86a8da148a5b884,남자,75,70대,서울,서울-서초구,수도권,배우자있음,고등학교,해당없음,무직,배우자와 거주,아파트,"이종덕 씨는 서초구의 변화를 함께한 성실한 삶을 바탕으로, 건강한 일상과 소박한 인간관계를 통해 품격 있는 노년을 꾸려가는 신중한 어르신입니다.",이종덕 씨는 수십 년간의 직장 생활로 몸에 밴 꼼꼼한 일정 관리 습관을 은퇴 후에도 유지하며 하루의 일과를 분 단위로 계획합니다. 이종덕 씨는 최신 디지털 기기 조작에는 서툴지만 유튜브에서 원하는 역사 정보를 정확히 찾아내 구독하는 자신만의 효율적인 습득 방식을 가지고 있습니다.,이종덕 씨는 함께 나이 들어가는 배우자와의 일상을 소중히 여기며 자녀들에게 짐이 되지 않는 독립적인 노후를 보내고자 노력합니다. 이종덕 씨는 무뚝뚝한 성격 탓에 다정한 말 표현은 서툴지만 아내의 건강 상태를 세심히 살피는 조용한 배려를 보입니다.,이종덕 씨는 구수한 청국장과 나물 반찬이 정갈하게 차려진 한정식을 먹을 때 가장 큰 심리적 만족감을 느낍니다. 이종덕 씨는 가끔 동네 단골 주점에서 도토리묵에 소주 한 잔을 곁들이며 오랜 친구들과 옛이야기를 나누는 소박한 술자리를 즐깁니다.,"평소에는 거실 소파에 앉아 TV 프로그램 '전국노래자랑'을 시청하거나 유튜브로 옛 역사 다큐멘터리를 보는 시간을 즐깁니다. 가끔 동네 친구들과 단골 주점에 모여 도토리묵에 소주 한 잔을 곁들이며 소소한 담소를 나누고, 식사로는 고기보다 구수한 청국장이나 나물 반찬이 나오는 한정식을 선호합니다.","서초구의 논밭이 아파트 숲으로 변하는 과정을 모두 지켜보며 성장한 세대로, 성실함이 최고의 가치라고 믿으며 살아왔습니다. 급격한 사회 변화 속에서도 중심을 잃지 않는 현실적인 태도를 갖췄으며, 정해진 질서를 존중하면서도 시대의 흐름에 맞춰 적응하려는 유연함을 지녔습니다."
8e4867f305754c4b867a0fcbfe405485,남자,78,70대,강원,강원-강릉시,지방,배우자있음,대학원,경영·행정·법,무직,배우자와 거주,아파트,"박헌 씨는 강릉에 거주하는 70대 후반의 전직 행정 전문가로, 단정한 선비의 풍모와 유연한 사고를 지닌 채 지역 사회에 자신의 지식을 나누며 살아가는 지식인입니다.",박헌 씨는 강릉 시내의 작은 카페에서 동네 상인들이 끙끙 앓는 복잡한 인허가 서류의 맹점을 단숨에 짚어내며 논리적인 해결책을 제시하는 해결사 역할을 자처합니다. 행정 절차의 효율성을 중시하는 그는 은퇴 후에도 돋보기를 쓰고 조례집을 뒤적이며 청년 창업가들의 사업 계획서를 세심히 다듬어 줍니다.,"박헌 씨는 평생을 함께한 아내와 함께 아파트 거실에서 소소한 일상을 공유하며, 가끔 방문하는 자녀와 손주들에게는 다정한 조력자가 되어주려 노력합니다. 하지만 대화 도중 논리적으로 맞지 않는 부분이 나오면 은근슬쩍 가르치려 드는 직업병 섞인 버릇이 튀어나오곤 합니다.","박헌 씨는 주 5회 이상 외식을 하며 강릉 시내의 유명한 한우 전문점에서 갈빗살을 즐기지만, 가끔 손주들이 오면 도미노 피자의 페퍼로니 피자나 맘스터치 버거를 주문해 생소한 맛을 탐색합니다. 기름진 음식을 먹은 뒤에는 반드시 따뜻한 숭늉으로 입가심을 해야 직성이 풀리는 습관이 있습니다.","주말이면 아내와 함께 경주나 부여의 유적지를 천천히 답사하며, 평소에는 집에서 프로야구 중계를 시청하거나 동네 사우나에서 지인들과 담소를 나누며 시간을 보냅니다. 가끔은 손주들이 좋아하는 페퍼로니 피자나 버거를 주문해 새로운 맛을 즐기기도 합니다.","강릉의 고즈넉한 풍경 속에서 생활하며, 대학원에서 법과 행정을 전공한 지식인으로서의 정체성과 지역 사회의 여유로움을 동시에 가지고 있습니다. 급변하는 시대 흐름을 유연하게 수용하면서도, 말과 행동에서는 선비 같은 단정함을 유지하려 노력합니다."
28f929ab7035481bb0d98949d95d7b71,남자,72,70대,충청남,충청남-천안시 동남구,지방,배우자있음,고등학교,해당없음,무직,배우자와 거주,아파트,"정태근 씨는 천안에 거주하는 72세 어르신으로, 꼼꼼한 성격과 부드러운 소통 방식을 통해 주변의 신뢰를 받으며 당뇨 관리와 건강한 노후를 위해 노력하는 현실적인 성격의 소유자입니다.","정태근 씨는 현재 은퇴하여 직업이 없지만, 친목 모임의 총무를 자처하며 여행 경비 십 원 단위까지 꼼꼼하게 기록한 정산서를 공유해 회원들의 전폭적인 신뢰를 받습니다. 가끔은 지나치게 세밀하게 내역을 따지는 탓에 깐깐하다는 소리를 듣기도 하지만, 본인은 그것이 어른으로서 갖춰야 할 책임감이라 믿고 서류 정리에 몰두합니다.","정태근 씨는 평생을 함께한 배우자와 천안의 아파트에서 조용히 여생을 보내며, 무뚝뚝한 충청도 남자지만 아내의 건강 상태를 세심히 살펴 영양제를 챙겨주는 다정함을 가졌습니다. 가끔은 고집스러운 면모로 아내와 말다툼을 벌이기도 하지만, 이내 미안한 마음에 깎아 놓은 사과 접시를 슬그머니 밀어 넣어 화해를 청합니다.","정태근 씨는 2주에 한 번 외식을 나갈 때면 나물 비빔밥이나 청국장 같은 담백한 한식당을 찾아가 건강한 한 끼를 즐깁니다. 하지만 일주일에 한 번, 금요일 저녁이면 배우자와 함께 동네 치킨집에서 배달시킨 후라이드 치킨을 뜯으며 일주일의 스트레스를 해소하는 작은 일탈을 누립니다.","날씨가 좋은 날에는 태조산 산책로를 걸으며 몸을 움직이고, 저녁에는 거실에서 TV 스포츠 경기를 시청하거나 일주일에 한 번 배달시킨 치킨을 배우자와 함께 나누어 먹으며 소소한 즐거움을 찾습니다.","천안 동남구의 옛 정취와 현대적인 아파트 단지가 공존하는 환경에서 오래 거주하며, 이웃 간의 도리와 체면을 중시하는 충청도 특유의 완곡하고 부드러운 소통 방식이 몸에 배어 있습니다."
12744f5f07464afc88698eb917ed2446,남자,73,70대,광주,광주-남구,광역시,배우자있음,고등학교,해당없음,무직,배우자와 거주,단독주택,"김우준 씨는 광주 남구의 정과 여유를 간직한 채, 이웃과의 유대와 소박한 일상의 행복을 소중히 여기며 건강하게 늙어가길 바라는 현실적인 어르신입니다.","김우준 씨는 동네 어르신들 사이의 사소한 땅 싸움이나 층간소음 갈등을 특유의 능청스러움으로 중재하며, 복잡한 주민센터 서류 신청을 척척 도와주는 골목길의 해결사 노릇을 합니다. 김우준 씨는 격식보다는 실리를 챙기는 성격이라 관공서 직원들과도 금방 안면을 트고 원하는 바를 빠르게 얻어내는 능숙한 수완을 발휘합니다.","김우준 씨는 평생을 함께한 아내와 티격태격하면서도 서로의 건강을 가장 먼저 챙기며, 자녀들에게 짐이 되지 않겠다는 다짐을 입버릇처럼 말합니다. 김우준 씨는 무뚝뚝한 듯 보이지만 손주들이 오면 품속에서 몰래 꼬깃꼬깃한 만 원짜리 지폐 몇 장을 꺼내 쥐여주는 전형적인 외유내강형 할아버지의 면모를 보입니다.","김우준 씨는 일주일에 두세 번 광주 남구의 단골 돼지갈비집을 찾아 숯불 향 가득한 고기를 구워 먹으며 이웃들과 정을 나눕니다. 김우준 씨는 일주일에 한 번 정도는 아내와 함께 동네 치킨집에서 갓 튀겨낸 바삭한 닭다리를 뜯으며, 전라도 특유의 넉넉한 양과 손맛이 느껴지는 음식을 찾습니다.","매주 정해진 요일에 동네 친구들과 사우나에서 땀을 빼고 나와 시원한 식혜 한 잔을 마시는 시간을 가장 아낍니다. 주말이면 아내와 함께 무등산 국립공원 산책로를 천천히 걷거나, 가끔은 동네 치킨집에서 갓 튀긴 닭다리를 뜯으며 TV 뉴스를 시청합니다.","광주 남구의 오래된 골목길 단독주택에서 평생을 보냈으며, 무등산 자락의 정취와 이웃 간의 끈끈한 유대를 삶의 중심에 둡니다. 고등학교 졸업 후 격동의 시대를 지나며 실속 있게 살아남는 법을 몸소 익혔고, 전라도 특유의 넉넉한 인심과 솔직하고 거침없는 대화 방식을 체득했습니다."
3a37d2c60bf94c10ba36f8fe7da708e4,여자,70,70대,충청남,충청남-태안군,지방,이혼,무학,해당없음,무직,혼자 거주,아파트,"이순옥 씨는 태안 바다의 강인함과 빵을 향한 소박한 욕망을 품은 채, 고독과 질병을 꼼꼼한 자기관리와 신앙으로 이겨내며 살아가는 70대 여성입니다.","이순옥 씨는 정식 직업은 없지만, 지역 성당의 구역 모임에서 일정표를 꼼꼼하게 기록하고 공지 사항을 전달하는 살림꾼 역할을 도맡아 하며 주변의 두터운 신뢰를 얻고 있습니다. 학교 교육을 받지 못한 한계를 삶의 지혜로 극복하여, 공동체의 궂은일을 조용히 처리하고 사람들의 필요를 미리 알아차리는 실질적인 운영자로서의 면모를 보입니다.","이순옥 씨는 이혼 후 홀로 아파트에서 지내며 적막함 속에 살아가지만, 가끔 자녀들이 방문하는 날이면 정성껏 준비한 갈비찜으로 식탁을 가득 채우며 서운함과 반가움을 동시에 느낍니다. 먼저 다가가기보다 상대의 기색을 살피는 조심스러운 성격 탓에, 가족들에게도 속마음을 다 털어놓기보다는 그저 묵묵히 챙겨주는 방식으로 사랑을 표현합니다.","이순옥 씨는 태안 바다의 제철 해산물을 듬뿍 넣어 짭조름하게 무쳐낸 밑반찬과 직접 담근 진한 된장으로 식탁을 채우며, 일주일에 한 번 배달되는 갓 구운 단팥빵의 달콤함으로 삶의 위안을 얻습니다. 당뇨 때문에 밀가루를 조심해야 한다는 의사의 경고를 잘 알면서도, 동네 빵집의 고소한 냄새 앞에서는 자꾸만 마음이 약해지는 인간적인 모순을 가지고 있습니다.","매주 정해진 요일에 동네 빵집에서 갓 구운 소금빵이나 단팥빵을 골라 느긋하게 맛보는 시간을 가장 아낍니다. 태안의 해안선을 따라 천천히 걸으며 계절에 따라 변하는 갯벌의 색깔을 관찰하고, 주말이면 텔레비전 앞에 앉아 가족들의 안부를 확인하며 휴식을 취합니다.","태안의 갯내음 섞인 바람 속에서 유년 시절을 보내며 학교 교육 대신 삶의 지혜와 바다의 흐름을 몸으로 익혔습니다. 격동의 세월을 견디며 다져진 인내심과 더불어, 낯선 변화를 두려워하기보다 조용히 관찰하며 수용하는 유연한 태도를 지니고 있습니다."
401589cb2a304247bbc6f3bb5ed7442e,여자,70,70대,경기,경기-고양시 덕양구,수도권,배우자있음,고등학교,해당없음,무직,배우자와 거주,아파트,"이남수 씨는 꼼꼼한 살림 솜씨와 디지털 기기 활용 능력을 갖춘 덕양구의 70대 여성으로, 건강 관리와 손주들과의 교감을 위해 노력하는 분입니다.",이남수 씨는 수십 년간 가계 운영과 자녀 교육이라는 무보수 전문직을 수행하며 한 치의 오차 없는 살림 솜씨를 갈고닦았습니다. 이남수 씨는 가족 모임의 동선과 식단표까지 세밀하게 짜는 기획력으로 집안의 실질적인 운영 책임자 역할을 합니다.,이남수 씨는 배우자와 함께 지내며 자녀와 손주들에게 세련된 할머니로 인정받고 싶어 하는 욕심이 있습니다. 이남수 씨는 가족들을 끔찍이 아끼지만 가끔은 자신의 방식대로 모든 것을 통제하려는 성향 때문에 자녀들과 가벼운 실랑이를 벌이기도 합니다.,"이남수 씨는 2주에 한 번 남편과 함께 덕양구 갈비집에서 외식을 즐기고, 가끔은 정갈한 초밥 세트를 찾아다닙니다. 이남수 씨는 주 1회 배달 앱으로 음식을 시켜 먹으며 최신 메뉴를 시도하는 소소한 즐거움을 누립니다.","유튜브에서 임영웅의 공연 영상을 찾아보며 노래 가사를 수첩에 적어 따라 부르는 시간을 즐깁니다. 2주에 한 번은 남편과 함께 덕양구 근처의 갈비집에서 외식을 하며, 가끔은 정갈한 초밥 세트를 파는 일식집을 찾아가 새로운 맛을 탐색합니다.","고양시 덕양구의 오래된 주거 단지에서 수십 년을 보내며 도시가 변모하는 과정을 지켜봤습니다. 고등학교 졸업 후 집안 살림과 자녀 교육을 꼼꼼하게 챙겨온 세대의 전형이지만, 시대의 흐름에 뒤처지지 않으려 노력하며 최신 가전제품이나 스마트폰 앱 활용법을 빠르게 익히는 유연함을 갖췄습니다."
493e06ff969d42a79864959657e2fa47,여자,78,70대,부산,부산-사하구,광역시,사별,중학교,해당없음,무직,혼자 거주,아파트,"허예숙 씨는 다대포의 바다 내음을 닮은 넉넉한 품으로 이웃을 챙기며, 유튜브와 텃밭 가꾸기로 삶의 활력을 찾는 지혜로운 부산 할머니입니다.","허예숙 씨는 베란다 텃밭에서 기른 상추와 깻잎을 정성껏 다듬어 이웃집 문고리에 몰래 걸어두는 소소한 나눔의 기쁨으로 하루를 채웁니다. 중학교 졸업 후 정규 직장 생활의 기억은 희미하지만, 손끝 매운 나물 무침 하나로 동네 사람들의 입맛을 사로잡는 숨은 살림의 고수입니다.","허예숙 씨는 사별 후 적막한 아파트에서 홀로 지내지만, 가끔 찾아오는 자식들에게 줄 밑반찬을 미리 만들어 냉장고에 가득 채워둡니다. 외로움이 밀려올 때면 친구들을 집으로 불러 모아 고민을 들어주는 다정한 상담가 역할을 하며 집안의 빈자리를 온기로 채웁니다.","허예숙 씨는 직접 캔 취나물과 고사리를 들기름에 달달 볶아내어 자극적이지 않고 깊은 맛을 내는 정갈한 밥상을 차려냅니다. 보름에 한 번, 단골 빵집에서 갓 나온 단팥빵의 달콤한 냄새를 맡으며 친구들과 도란도란 이야기를 나누는 시간이 인생의 가장 달콤한 순간입니다.","유튜브로 최신 건강 상식과 트로트 영상을 찾아보며 시간을 보내고, 보름에 한 번 정도 친구들과 함께 동네 빵집에서 갓 구운 단팥빵을 나누어 먹으며 소소한 일상을 공유하는 시간을 즐깁니다.","부산 사하구 다대포 인근에서 오래 거주하며 항구 도시 특유의 활기찬 분위기와 갯내음에 익숙하며, 배움의 기회가 적었던 세대임에도 유튜브를 통해 새로운 지식을 습득하며 시대의 변화를 유연하게 받아들이고 있습니다."
ea934e3963324a1c895766f1b94cfb43,여자,79,70대,강원,강원-홍천군,지방,배우자있음,초등학교,해당없음,무직,배우자와 거주,단독주택,"신춘자 씨는 강원도 홍천의 자연 속에서 뛰어난 손맛과 생활 지혜를 가진 살림꾼이자, 임영웅의 노래와 가족의 사랑으로 평온한 노후를 보내는 79세 할머니입니다.","신춘자 씨는 홍천 읍내 어르신들 사이에서 일어나는 사소한 다툼을 말 한마디로 유연하게 풀어내는 마을의 중재자이자, 낡은 가구나 집안 물건들을 버리지 않고 뚝딱 고쳐 쓰는 살림의 달인으로 살아왔습니다.","신춘자 씨는 무뚝뚝하지만 곁을 지켜주는 남편과 함께 늙어가는 일상을 보내며, 도시로 나간 자식들이 방문할 때면 집안 구석구석을 정갈하게 닦으며 설레는 마음으로 기다립니다.","신춘자 씨는 텃밭에서 직접 기른 채소와 장독대에서 정성껏 익힌 된장으로 구수한 나물 반찬을 차려내며, 일주일에 한 번은 읍내 일식집에서 정갈한 회 한 접시를 즐깁니다.",오후에는 거실에 앉아 임영웅의 노래를 크게 틀어놓고 이웃집 친구와 전화로 어제 본 드라마 이야기를 나누며 시간을 보냅니다. 주말이면 배우자의 손을 잡고 홍천강변을 천천히 거닐며 계절마다 변하는 나무들의 색깔을 구경하는 일을 가장 좋아합니다.,"홍천의 깊은 산세 아래서 나고 자라며 흙과 함께 살아온 세월이 길어, 절기마다 어떤 나물을 뜯어야 하는지 몸으로 익혔습니다. 초등학교 졸업 후 곧바로 집안일을 도우며 실질적인 삶의 지혜를 배웠기에, 이론보다는 눈앞의 상황을 빠르게 해결하는 생활 감각이 몸에 배어 있습니다."
a3cf6ff1828e43eab2940bcd2f07ed0e,여자,74,70대,경상남,경상남-창원시 성산구,지방,배우자있음,중학교,해당없음,무직,배우자와 거주,아파트,"구영자 씨는 창원 성산구에서 이웃들과 어울리며 활기차게 살아가는 70대 할머니로, 당뇨라는 건강상 제약 속에서도 가족과 친구를 챙기는 정 많고 사교적인 삶을 꾸려가고 있습니다.","구영자 씨는 중학교 졸업 후 평생을 가족 뒷바라지와 살림에 매진해 왔으며, 지금은 성산구 경로당과 부녀회에서 특유의 싹싹함으로 모임을 주도하며 분위기를 띄우는 동네의 실질적인 살림꾼으로 통합니다.","구영자 씨는 무뚝뚝한 남편과 함께 아파트에 살며 평생을 가족의 든든한 버팀목이 되어주었고, 이제는 가끔 방문하는 손주들의 재롱을 보며 집안의 모든 정성을 쏟아붓는 다정한 할머니입니다.","구영자 씨는 일주일에 대여섯 번은 집 밖으로 나가 단골 식당에서 나물 비빔밥이나 고추장 찌개를 먹고, 손주들이 놀러 오는 날이면 시장에서 갓 튀긴 닭강정을 한 박스 포장해 온 가족이 둘러앉아 나눠 먹습니다.","매일 오후 용지호수 산책로를 느릿하게 걸으며 계절 변화를 살피고, 저녁에는 TV 속 트로트 가수들의 노래를 따라 부르며 시간을 보냅니다. 일주일에 몇 번은 단골 식당에서 고추장 찌개나 나물 비빔밥을 먹고, 가끔 손주들이 오면 시장에서 닭강정을 포장해 함께 나눠 먹습니다.","창원 공단이 들어서며 도시가 빠르게 변하는 모습을 지켜봤고, 중학교 졸업 후 서둘러 살림을 꾸리며 가족을 뒷바라지하는 삶에 익숙해졌습니다. 특유의 싹싹함으로 성산구 동네 경로당이나 부녀회에서 분위기를 띄우는 역할을 도맡아 하며 이웃들과 끈끈하게 지냅니다."
9a9b34e74d6041fcabe453480d6e5d7a,남자,82,80대,충청남,충청남-태안군,지방,배우자있음,중학교,해당없음,하역 및 적재 관련 단순 종사원,배우자와 거주,단독주택,"조만복 씨는 태안에서 평생 성실하게 농산물 하역 일을 하며 살아온 82세 어르신으로, 아내와 함께 역사 유적지를 여행하며 소박한 일상의 행복을 지켜가는 신중하고 책임감 있는 분입니다.","조만복 씨는 태안 농산물 집하장에서 수십 년간 배추와 무 상자를 쌓아 올린 베테랑으로, 무게 중심을 기막히게 잡아 무거운 짐더미가 절대 쓰러지지 않게 만드는 솜씨를 가졌습니다. 조만복 씨는 정해진 시간에 출근해 빈틈없이 적재물을 정리하며, 젊은 일꾼들도 혀를 내두를 만큼 꼼꼼하고 정확한 일 처리 방식으로 현장의 신뢰를 한 몸에 받습니다.","조만복 씨는 평생을 곁에서 함께 고생한 아내와 단독주택에서 서로 의지하며 조용하고 평온한 노후를 보내고 있습니다. 조만복 씨는 말수가 적고 무뚝뚝한 편이지만, 아내가 좋아하는 간식을 슬쩍 챙겨오는 세심한 방식으로 사랑을 표현하며 안정적인 가정의 온기를 유지합니다.","조만복 씨는 한 달에 한 번 아내와 함께 동네 분식집을 찾아가 투박하게 말린 김밥 한 줄을 나눠 먹는 소소한 일탈을 즐깁니다. 조만복 씨는 고기 요리보다는 나물 반찬이 곁들여진 소박한 한식 상차림을 선호하며, 배달 음식은 가끔 신기한 마음으로 시켜보지만 결국은 집에서 끓인 된장찌개가 가장 입맛에 맞다고 느낍니다.","아내와 함께 오래된 승용차를 끌고 공주 공산성이나 부여 낙화암 같은 역사 유적지를 천천히 둘러보는 시간을 가장 아낍니다. 지역 축제 기간이면 사람이 붐비는 곳보다는 한적한 자연 명승지를 찾아다니며, 근처 분식집에서 김밥 한 줄을 나눠 먹는 소소한 일탈을 즐깁니다.","태안의 갯벌과 논밭 사이에서 평생을 보냈으며, 전쟁 직후의 배고픔을 기억하며 성실함만을 유일한 자산으로 믿고 살아온 세대입니다. 마을 어르신들과 함께 농한기면 막걸리 한 잔에 옛이야기를 나누는 소박한 공동체 문화에 깊이 뿌리내리고 있습니다."
3ff00c91c44340c4877d0cbebe9d3df4,남자,80,80대,경기,경기-성남시 수정구,수도권,배우자있음,초등학교,해당없음,무직,친인척과 거주,다세대주택,"신중희 씨는 성남 수정구의 급격한 변화를 지켜봐 온 성실한 어르신으로, 소소한 집수리 재능과 가족에 대한 깊은 사랑으로 평온한 노후를 보내고 있습니다.","신중희 씨는 성남 수정구 동네 어르신들 사이에서 '맥가이버'로 통하며, 낡은 경첩을 갈거나 삐걱대는 창문을 손보는 일로 소소한 보람을 느낍니다. 정식 교육은 짧았지만 수십 년간 다룬 연장질만은 누구보다 야무져서, 이웃의 고장 난 문고리를 뚝딱 고쳐주고 고맙다는 인사를 받는 시간을 즐깁니다.","신중희 씨는 다세대주택에서 배우자와 친인척들이 함께 북적이며 사는 환경 속에서 가문의 어른으로서 책임감을 느끼며 살아갑니다. 손주들이 대학에 가고 취업하는 과정을 곁에서 지켜보는 것이 인생의 마지막 큰 목표이며, 평소에는 무뚝뚝해도 가족을 향한 애정이 깊습니다.","신중희 씨는 일주일에 한 번 가족들과 함께 삼겹살집에서 고기를 구워 먹으며 기운을 차리고, 가끔은 수정구 시장 골목 분식집에서 맵싸한 떡볶이와 김밥을 나누어 먹습니다. 2주에 한 번 정도는 아내가 주문해 주는 배달 음식의 편리함을 누리며 입맛을 돋웁니다.","주말이면 거실 소파에 앉아 프로야구 중계를 보며 응원하고, 평일 오후에는 단골 목욕탕에서 친구들과 뜨거운 탕에 몸을 담그며 세상 돌아가는 이야기를 나눕니다. 가끔은 수정구 시장 골목의 분식집에서 떡볶이와 김밥을 나누어 먹으며 소소한 즐거움을 찾습니다.","성남 수정구의 가파른 골목길에서 수십 년을 나고 자라며 도시의 급격한 팽창을 온몸으로 겪었습니다. 정규 교육의 기회는 적었지만, 성실함 하나로 가정을 일궈온 세대 특유의 끈기와 이웃 간의 끈끈한 정을 삶의 중심에 두고 살아갑니다."
2d26a70aeedd4584a4bca29458e87898,남자,83,80대,경기,경기-김포시,수도권,배우자있음,고등학교,해당없음,산불 감시원,친인척과 거주,아파트,"김고문 씨는 김포의 자연을 지키는 산불 감시원이자, 신앙과 소소한 일상의 여유를 사랑하는 83세의 유연한 사고를 가진 어르신입니다.","김고문 씨는 김포의 굽이진 산길과 바위 틈새까지 손바닥 보듯 꿰고 있어, 멀리서 피어오르는 작은 연기만 보고도 정확한 발화 지점을 짚어내며 시청 상황실에 무전으로 상황을 간결하게 보고합니다. 명예나 직급보다는 매일 아침 정해진 시간에 산을 오르며 마을의 안녕을 확인하는 일과에서 삶의 보람을 느끼며, 몸이 허락하는 한 현역으로 남으려 노력합니다.","김고문 씨는 배우자와 친인척들이 함께 어우러져 사는 아파트에서 북적이는 온기를 느끼며, 가족들의 갈등이 생길 때면 특유의 유연한 성격으로 분위기를 부드럽게 만드는 중재자 역할을 합니다. 평소에는 온화하게 배려하지만, 집안의 중요한 결정 앞에서는 고집스럽게 자신의 의견을 밀어붙이는 면모도 가지고 있습니다.","김고문 씨는 일주일에 한 번, 동네에서 가장 오래된 중국집을 찾아가 얼큰한 짬뽕 한 그릇을 비우며 일주일의 스트레스를 풀고, 평소에는 나물 위주의 담백한 한식 식단을 유지합니다. 이주에 한 번 정도는 자녀들이 알려준 배달 앱으로 간편하게 음식을 시켜 먹으며 시대의 변화를 몸소 체험합니다.","마음 맞는 친구들과 전국의 유명한 성지를 찾아다니며 신앙심을 다지고, 평일 오후에는 햇볕이 잘 드는 거실 소파에서 낮잠을 청하거나 동네 오래된 중국집에서 짬뽕 한 그릇을 비우며 여유를 만끽합니다.","김포의 끝없는 논밭이 거대한 아파트 단지로 변해가는 과정을 직접 겪으며 살아왔으며, 고등학교 졸업 후 사회생활을 시작한 세대 특유의 성실함과 더불어 새로운 변화를 긍정적으로 받아들이는 유연한 사고방식을 가지고 있습니다."
59dc1b0ece0a403f91faf9f124797508,남자,80,80대,경상남,경상남-합천군,지방,사별,무학,해당없음,무직,혼자 거주,단독주택,"김상신 씨는 합천의 흙과 함께 살아온 투박한 손재주를 가진 어르신으로, 역사에 대한 호기심과 가족에 대한 깊은 사랑을 간직한 채 소박한 노후를 보내고 있습니다.","김상신 씨는 정식 직업은 없지만 텃밭 흙만 만져보고도 올해 풍년을 맞을지 가늠하는 합천의 베테랑 농사꾼입니다. 낡은 경운기 엔진 소리만 들어도 어디가 고장 났는지 알아채며, 집안의 삐걱거리는 문고리를 뚝딱 고쳐내는 손재주로 동네 어르신들 사이에서 해결사로 통합니다.","김상신 씨는 사별 후 적막한 집에서 홀로 지내지만, 명절에 내려올 손주들에게 보여줄 매화나무를 가꾸며 외로움을 달랩니다. 자식들에게 짐이 되지 않으려는 고집스러운 책임감을 가지고 있으면서도, 가끔은 서운한 마음이 들어 툭툭 내뱉는 투박한 경상도 사투리에 깊은 애정을 담아냅니다.","김상신 씨는 일주일에 한 번 읍내 중식당에서 윤기가 흐르는 짜장면과 짬뽕을 친구들과 나눠 먹으며 시시콜콜한 농담을 주고받습니다. 평소에는 고기 없는 소박한 나물 반찬과 된장찌개로 식사를 해결하고, 보름에 한 번 정도는 자식들이 설치해 준 앱으로 음식을 배달시켜 먹는 생경한 경험을 합니다.","유튜브로 역사 채널을 보며 옛이야기에 빠져들고, 일주일에 한 번은 동네 친구들과 읍내 중식당에서 짜장면을 나눠 먹으며 시시콜콜한 농담을 주고받습니다.","합천의 흙먼지 속에서 자라며 학교 대신 논밭에서 세상을 배웠고, 투박한 경상도 사투리 속에 자존심과 정을 함께 담아내는 삶을 살았습니다."
343ad4ddcd624584b748f98bedba6a2f,남자,80,80대,서울,서울-성동구,수도권,배우자있음,2~3년제 전문대학,해당없음,무직,배우자와 거주,아파트,"조동우 씨는 성동구의 변화를 지켜보며 성실하게 살아온, 손재주 좋고 다정한 성격의 80세 할아버지입니다.",조동우 씨는 성동구 주민센터 근처의 낡은 빌라촌에서 물이 새거나 문고리가 고장 나면 가장 먼저 찾는 동네 맥가이버입니다. 전문대학에서 배운 설비 지식과 수십 년의 현장 경험을 살려 이웃들의 불편함을 뚝딱 해결해주며 소소한 보람을 찾습니다.,"조동우 씨는 손주들이 고민을 털어놓을 때 가르치려 들기보다 묵묵히 들어주는 다정한 할아버지입니다. 아내와는 가끔 사소한 일로 투닥거리지만, 결국은 아내가 좋아하는 간식을 슬쩍 챙겨오는 세심함으로 갈등을 매듭짓습니다.",조동우 씨는 두세 달에 한 번 큰맘 먹고 아내와 함께 성수동의 정갈한 초밥집을 찾아가 신선한 생선회 한 점의 맛을 즐깁니다. 가끔은 가족들과 함께 두툼한 돼지갈비를 굽는 한식당에서 왁자지껄하게 식사하며 입맛을 돋웁니다.,"성수동 서울숲 산책길을 따라 매일 아침 걷고, 구민 체육센터 배드민턴 교실에서 땀을 흘리며 활력을 찾습니다. 최근에는 손녀가 알려준 유튜브로 최신 트로트 가수들의 무대 영상을 찾아보거나, 가끔 아내와 함께 정갈한 초밥집을 찾아가 새로운 맛을 즐깁니다.","성동구의 옛 골목과 현대적인 성수동의 변화를 모두 지켜보며 살아왔고, 전문대학에서 배운 실용적인 지식을 바탕으로 성실하게 가정을 일궈온 세대입니다. 다정하고 사교적인 성격 덕분에 동네 주민센터에서도 분위기 메이커로 통하며, 주변 사람들의 고민을 묵묵히 들어주는 포용력을 갖췄습니다."
3bdc29a835a24bff80364eebdd5eeed5,여자,83,80대,대구,대구-남구,광역시,사별,초등학교,해당없음,무직,친인척과 거주,단독주택,"이경희 씨는 대구 남구의 정겨운 골목에서 가족과 이웃을 보듬으며, 당뇨 관리와 소소한 산책으로 건강한 노후를 보내려는 83세 할머니입니다.",이경희 씨는 대구 남구의 낡은 단독주택에서 수십 년간 살림을 도맡아 하며 집안의 모든 질서를 세우는 무보수 가사 전문가로 살아왔습니다. 경로당에서는 어르신들 사이의 사소한 말다툼이 생길 때마다 묵묵히 양쪽 이야기를 들어주며 서운함을 달래주는 동네의 해결사 역할을 자처합니다.,이경희 씨는 사별 후 친인척들과 함께 살며 집안 곳곳의 먼지를 털어내고 정리하는 것으로 자신의 존재 가치를 확인합니다. 막내 손주의 결혼식 날 가장 고운 한복을 입고 건강하게 서 있겠다는 일념 하나로 매일 아침 몸 상태를 꼼꼼히 살핍니다.,이경희 씨는 짜지 않게 담근 깻잎김치와 알싸한 파김치로 가족들의 입맛을 사로잡는 손맛의 소유자입니다. 2주에 한 번 외식을 할 때는 고깃집 대신 깔끔한 일식집에서 정갈한 초밥이나 우동을 즐기며 입맛을 바꿉니다.,"유튜브에서 건강 정보를 찾아보며 배운 생강차를 끓여 마시고, 매일 오전 앞산 공원 산책로를 걸으며 친구들과 소소한 일상을 나눕니다. 가끔은 아무것도 하지 않고 툇마루에 앉아 지나가는 사람들을 구경하며 마음을 비웁니다.","대구 남구의 오래된 골목에서 나고 자라며 전후 복구 시기의 고단함을 몸소 겪었습니다. 초등학교 졸업 후 바로 살림을 시작해, 이웃 간의 정과 도리를 중시하는 동네 분위기 속에서 사람 대하는 법을 배웠습니다."
e4b8d8a947304239ba708293a6cf2929,여자,88,80대,경기,경기-하남시,수도권,사별,초등학교,해당없음,무직,친인척과 거주,아파트,"김송자 씨는 하남의 변화를 몸소 겪으며 살아온 강인한 생존력과 꼼꼼한 살림 솜씨를 가진 88세 어른으로, 규칙적인 일상과 활발한 사회활동을 통해 자신의 품위를 유지하며 살아갑니다.","김송자 씨는 수십 년간 가계부를 십 원 단위까지 오차 없이 기록해 온 살림의 고수로, 집안의 제사나 칠순 잔치 같은 큰 행사가 있을 때면 참석자 명단부터 식단, 준비물까지 꼼꼼하게 짠 계획표를 만들어 친인척들을 진두지휘합니다.","김송자 씨는 사별 후 친인척들과 함께 아파트에서 살며 집안의 가장 어른으로서 무게중심을 잡고, 가끔은 고집스러운 성격 탓에 조카들과 사소한 의견 충돌을 빚기도 하지만 결국 정성스럽게 무친 나물 반찬으로 화해의 손길을 건넵니다.","김송자 씨는 일주일에 한 번 외식을 나갈 때면 정갈하게 썰린 초밥이나 신선한 회덮밥을 즐기며, 젓가락 하나나 물컵에 물때가 끼어 있지는 않은지 매서운 눈초리로 식당의 위생 상태를 점검하는 습관이 있습니다.","하남시 내 복지관이나 경로당에서 친구들과 어울리며 그날의 소식을 나누는 시간을 가장 즐기며, 가끔 가족들과 함께 남한산성이나 미사경정공원을 찾아 탁 트인 풍경을 보는 것으로 마음을 다스립니다. 외식으로는 정갈하게 담겨 나오는 초밥이나 회덮밥 같은 일식을 즐기며, 식당의 위생 상태나 서비스의 꼼꼼함을 유심히 살피는 습관이 있습니다.","해방 전 어린 시절과 전쟁의 포화를 모두 겪으며 생존 본능과 생활력을 몸소 익혔고, 초등학교 졸업 후 곧바로 살림 전선에 뛰어들어 가정을 일구었습니다. 하남의 전원 풍경이 도시로 변해가는 과정을 지켜보며 살아왔기에 옛것에 대한 애착과 현대적 편리함 사이의 균형을 자신만의 기준으로 유지하며 삽니다."
19d0ae84486b475d989709b36b8ee4b2,여자,83,80대,대전,대전-서구,광역시,사별,초등학교,해당없음,무직,혼자 거주,아파트,"김경태 씨는 대전 서구에서 홀로 거주하며 텃밭 가꾸기와 TV 시청, 이웃과의 수다로 평온한 노년을 보내는 83세 할머니입니다.","김경태 씨는 수십 년간 살림을 도맡으며 닦은 솜씨로 베란다 텃밭의 상추와 고추를 무성하게 키워내고, 시장에서 가장 싱싱한 식재료를 한눈에 골라내는 생활의 달인입니다. 가계부를 꼼꼼히 적으며 알뜰하게 살림을 꾸려왔지만, 가끔은 정리정돈을 미뤄두고 한낮의 여유를 즐기곤 합니다.","김경태 씨는 사별 후 홀로 아파트에 거주하며 외로움을 느끼기도 하지만, 오랜 시간 함께 지낸 동네 이웃들을 가족처럼 여기며 촘촘한 관계를 맺고 있습니다. 배움의 기회를 놓치고 빠르게 가사와 육아에 뛰어들어야 했던 지난날의 회한을 이제는 이웃들과의 수다와 소박한 일상으로 달랩니다.","김경태 씨는 일주일에 한 번 배달 음식으로 간편하게 한 끼를 해결하고, 격주로 친구들과 동네 고깃집에서 지글지글 구운 돼지갈비를 즐겨 먹습니다. 가끔 기분 전환이 필요할 때는 정갈하게 담겨 나오는 일식집의 초밥을 천천히 음미하며 소소한 사치를 누립니다.","오전 시간 내내 TV 프로그램 '아침마당'을 시청하며 세상을 읽고, 정기적으로 다니는 동네 미용실에서 파마를 하며 소소한 수다를 떠는 시간을 즐깁니다. 2주에 한 번 정도 친구들과 함께 동네 고깃집에서 외식을 하거나, 가끔은 정갈한 일식집에서 초밥을 먹으며 기분 전환을 합니다.","김경태 님은 배움에 대한 갈증이 있었으나 시대적 상황으로 초등학교 졸업 후 빠르게 가사와 육아에 뛰어들어야 했던 세대의 삶을 살아왔습니다. 대전 서구의 아파트에서 오랫동안 거주하며 이웃들과 촘촘한 관계를 맺어왔고, 익숙한 동네 골목과 단골 가게들이 주는 안정감 속에서 심리적 평온을 찾습니다."
4e302ddb2a9148f2aa38936085a5c80e,여자,86,80대,경기,경기-고양시 덕양구,수도권,사별,무학,해당없음,무직,친인척과 거주,아파트,"홍용주 씨는 고양시 덕양구에서 자가 아파트에 거주하며, 전통적인 손맛과 현대적인 호기심을 동시에 품고 살아가는 86세의 감각적인 할머니입니다.","홍용주 씨는 정규 교육의 기회는 없었지만, 고양시 덕양구의 논밭이 아파트 단지로 변모하는 세월 동안 집안의 모든 살림을 도맡아 운영해 온 실질적인 가계 경영자입니다. 평생 가족의 끼니를 책임지며 터득한 식재료 관리 능력과 유연한 위기 대처 능력은 웬만한 전문가 못지않으며, 현재는 집안의 어른으로서 가족 간의 갈등을 조율하고 삶의 지혜를 나누는 정신적 지주 역할을 수행합니다.","홍용주 씨는 사별 후 친인척들과 북적이며 거주하며 외로움을 달래고, 특히 스마트폰 조작법을 가르쳐주는 손녀를 끔찍이 아껴 맛있는 간식을 챙겨주며 유대감을 쌓습니다. 평소에는 자상하고 배려심 깊은 할머니지만, 집안의 예절이나 전통에 어긋나는 행동을 보면 단호하게 꾸짖는 엄격함을 동시에 지녀 가족들이 때로는 눈치를 보게 만듭니다.","홍용주 씨는 쌉싸름한 제철 나물 무침과 깊은 맛의 된장찌개로 집안의 입맛을 사로잡는 전통의 손맛을 보유한 동시에, 베트남 쌀국수나 태국의 똠얌꿍처럼 생소한 향신료가 들어간 외국 요리를 즐기는 과감한 미식가입니다. 유튜브에서 본 해외 요리법을 따라 집에서 이국적인 풍미를 재현하려 노력하지만, 가끔 간 조절에 실패해 너무 짜게 만드는 바람에 가족들이 밥을 평소보다 더 많이 먹게 만드는 실수를 범하곤 합니다.","유튜브에서 임영웅의 노래 영상을 반복해 시청하고, 일주일에 한 번 덕양구 단골 미용실에서 펌을 하며 동네 친구들과 세상 돌아가는 이야기를 나눕니다. 가끔은 가족의 차를 타고 나가 베트남 쌀국수나 태국 음식점 같은 낯선 식당에서 생소한 향신료의 맛을 음미하며 기분을 전환합니다.","6.25 전쟁의 혼란 속에서 어린 시절을 보내며 학교 문턱조차 밟지 못했지만, 경기 고양시 덕양구의 논밭이 아파트 단지로 변모하는 과정을 지켜보며 시대의 흐름을 몸소 겪었습니다. 정해진 틀에 갇히기보다 삶의 고비마다 유연하게 대처하며 자신만의 심미안을 키워온 세월이 얼굴의 깊은 주름 속에 여유로운 분위기로 남아 있습니다."
1bd0f46509854b84bc5ecccc660906df,여자,81,80대,인천,인천-남동구,수도권,사별,무학,해당없음,건물 청소원,혼자 거주,아파트,"이경란 씨는 인천 남동구에서 청소원으로 일하며 임영웅 노래와 난초 가꾸기로 일상의 활력을 찾는, 사교성 넘치는 여든한 살의 활기찬 어르신입니다.","이경란 씨는 인천 남동구의 상가 건물에서 복도의 찌든 때를 말끔히 없애는 야무진 손길로 일하며, 입주민들에게 먼저 싹싹하게 인사를 건네 건물 전체의 분위기를 밝게 만드는 활력소입니다.","이경란 씨는 사별 후 홀로 아파트에 거주하며 적적함을 느끼기도 하지만, 가끔 찾아오는 손주에게 최신 스마트폰 사용법을 배우며 세대 차이를 좁히는 시간을 가장 소중하게 여깁니다.","이경란 씨는 일주일에 한 번 친구들과 함께 지글지글 익어가는 삼겹살집이나 깔끔한 초밥집을 찾아가 식사를 즐기고, 한 달에 한 번쯤은 호기심에 배달 앱으로 치킨을 시켜 먹어봅니다.","유튜브에서 임영웅의 노래를 찾아 따라 부르고, 베란다에 둔 난초 잎을 정성껏 닦아내며 마음을 정돈합니다. 주말이면 단짝 친구들과 남동구청 인근 공원을 산책하며 일주일간 있었던 시시콜콜한 이야기를 나눕니다.",학교 문턱은 밟아보지 못했지만 인천 남동구의 시장통과 골목을 누비며 세상 돌아가는 법을 몸으로 익혔습니다. 최근에는 손주에게 배운 스마트폰으로 유튜브 영상을 찾아보며 새로운 세상과 소통하는 재미에 푹 빠져 지냅니다.
b56a0b456f1f4723868e765743392d55,남자,62,60대,대구,대구-수성구,지방,배우자있음,대학원,보건·복지,무직,배우자·자녀와 거주,아파트,"정봉식 씨는 수성구에서 전문적인 보건복지 지식과 안정적인 삶의 기반을 갖춘 채, 당뇨 관리와 소소한 여가를 통해 평온한 노후를 가꾸어가는 지식인입니다.","정봉식 씨는 수성구 범어동 아파트 단지 내에서 복지 혜택의 해결사로 통하며, 노인 장기 요양 보험의 까다로운 서류 절차를 막힘없이 안내하는 재능을 발휘합니다. 때로는 자신의 지식에 지나치게 몰두해 상대방의 말을 끊고 논리적인 정정 작업을 시작하는 고집스러운 버릇이 있습니다.","정봉식 씨는 범어동의 치열한 교육 열기 속에서 자녀들을 뒷바라지하며 가정을 일구어냈고, 이제는 배우자와 함께 조용히 찻잔을 기울이며 지나온 삶의 궤적을 회고하는 시간을 보냅니다.","정봉식 씨는 2주에 한 번 가족들과 함께 수성구의 유명한 한우 전문점에서 육즙 가득한 고기를 구워 먹으며, 일주일에 한 번은 스마트폰 앱으로 간편하게 배달 음식을 시켜 먹는 소소한 일탈을 누립니다.","주말이면 팔공산의 완만한 등산 코스를 오르거나 수성구 내 골프 연습장에서 샷을 가다듬으며 땀을 흘립니다. 거실 소파에 깊숙이 기대어 건강 관련 팟캐스트를 듣거나, 아무런 계획 없이 창밖을 보며 멍하게 시간을 보내는 휴식을 가장 아낍니다.","수성구 범어동의 학구적인 분위기 속에서 자녀들을 키워냈으며, 보건복지 전공자로서 지역 사회의 복지 체계에 대해 깊은 이해를 갖추고 있습니다. 대구 특유의 보수적인 정서와 대학원까지 마친 지식인으로서의 자부심이 공존하며, 격식을 차리면서도 논리적인 대화를 나누는 것을 중요하게 생각합니다."
c862460f60dd464ea7f4bcb316abae6e,남자,60,60대,전북,전북-부안군,지방,배우자있음,중학교,해당없음,"전직 주차 관리원, 현재 구직중",기타1세대,아파트,"권명종 씨는 부안의 바다 곁에서 실리를 챙기며 살아온 60대 남성으로, 전직 주차 관리원과 식당 운영 경험을 바탕으로 안정적인 관리직 재취업을 꿈꾸는 현실적인 성격의 소유자입니다.","권명종 씨는 부안 읍내에서 오랫동안 주차 관리원으로 일하며 엉킨 차량 흐름을 순식간에 정리하는 현장 감각을 익혔습니다. 식당을 직접 운영했던 짬밥으로 손님이 말하기 전에 필요한 것을 알아채는 눈치가 빠르며, 지금은 무리하지 않는 선에서 보안이나 관리직 일자리를 찾기 위해 매일 아침 구인 잡지를 꼼꼼히 살핍니다.","권명종 씨는 아내와 함께 나이 들어가는 일상에 만족하며, 때로는 무뚝뚝해 보여도 뒤에서 세심하게 챙겨주는 전형적인 한국 아버지의 모습을 띠고 있습니다. 자녀들이나 친척들을 방문해 안부를 묻고 함께 시간을 보내는 것을 중요하게 생각하며, 가족 간의 화목함을 삶의 가장 큰 버팀목으로 여깁니다.",권명종 씨는 한 달에 한 번 가족들과 함께 질 좋은 한우 구이집을 찾아가 숯불 향 가득한 고기를 구워 먹는 외식을 최고의 낙으로 삼습니다. 일주일에 한 번은 가족들의 성화에 못 이겨 짜장면과 탕수육 세트를 배달시켜 먹으며 입맛을 돋웁니다.,"주말이면 아내와 함께 내소사의 고즈넉한 숲길을 천천히 걷거나, 동네 목욕탕에서 뜨끈하게 지지며 하루의 피로를 풉니다. 당뇨 때문에 좋아하는 믹스커피를 줄이려 애쓰지만, 가끔은 거실 소파에서 TV를 보며 짭조름한 과자를 집어 먹는 소소한 일탈을 즐깁니다.","부안의 바다 내음과 갯벌 풍경 속에서 성장하여 중학교 졸업 후 곧바로 생업에 뛰어들었습니다. 전북 지역 특유의 넉넉한 인심을 경험하며 살았지만, 실리를 중시하는 성격 탓에 헛돈 쓰는 것을 극도로 꺼리며 살림을 야무지게 챙기는 습관이 몸에 배어 있습니다."
702c0ede6c2c490890e24a8198a9e135,남자,62,60대,서울,서울-강동구,지방,배우자있음,고등학교,해당없음,가스 점검원,배우자와 거주,아파트,"주석영 씨는 강동구에서 가스 안전을 책임지는 성실한 베테랑이자, 소박한 일상의 평온함과 가족과의 시간을 무엇보다 아끼는 60대 가장입니다.","주석영 씨는 강동구의 낡은 빌라촌과 아파트 단지를 누비며 가스 냄새와 작은 소음만으로 누출 지점을 짚어내는 베테랑 점검원입니다. 불안해하는 거주자에게 조목조목 설명하며 안심시키는 능숙함이 있지만, 가끔 서류 정리 같은 행정 업무는 뒤로 미루는 느긋한 버릇이 있습니다.","주석영 씨는 무뚝뚝한 편이지만 아내와 함께 시간을 보내는 것을 가장 소중히 여기며, 퇴직 후에는 집안의 헐거워진 문고리나 수도꼭지를 직접 고쳐주겠다는 소박한 꿈을 꾸고 있습니다. 평소에는 조용히 아내의 말을 들어주다가도, 가끔 고집스러운 면모를 보이며 자신의 생각을 분명히 밀어붙이기도 합니다.","주석영 씨는 일주일에 한 번, 아내와 함께 동네 일식집에서 신선한 모둠 초밥을 먹으며 일주일의 스트레스를 해소합니다. 평소에는 자극적인 고기 요리보다 담백한 나물 반찬 위주의 한식을 선호하며, 가끔은 편하게 배달 앱으로 주문한 음식을 집에서 즐깁니다.","주말이면 아내와 함께 남양주 물의 정원이나 양평 두물머리를 찾아 천천히 걷는 시간을 즐깁니다. 평일 오후에는 거실 소파에서 유튜브로 건강 정보를 찾아보다가 깜빡 낮잠에 드는 휴식을 좋아하며, 가끔은 아내와 함께 동네 일식집에서 모둠 초밥을 먹으며 기분 전환을 합니다.","강동구의 오래된 아파트 단지 사이에서 수십 년간 가스 안전을 책임지며 살아왔습니다. 고등학교 졸업 후 곧바로 현장에 뛰어들어 몸으로 익힌 성실함이 삶의 중심이며, 가끔은 천호동 골목의 단골 식당에서 옛 동료들과 소주잔을 기울이며 빠르게 변해온 서울의 풍경을 추억합니다."
e2b6c76f3c77484a851d27e174d83b5f,남자,63,60대,경상남,경상남-김해시,지방,배우자있음,고등학교,해당없음,무직,배우자와 거주,아파트,"김병헌 씨는 김해 공단에서의 물류 관리 경험을 바탕으로 현실적이고 단호한 판단력을 가진, 건강 관리에 진심인 60대 가장입니다.","김병헌 씨는 김해 공단 지역에서 수십 년간 자재의 흐름과 물류 동선을 꿰뚫어 보던 관리자였으며, 지금은 은퇴 후 집안의 삐걱거리는 문설주나 고장 난 수도꼭지를 직접 뜯어 고치는 손재주를 발휘하며 보냅니다.","김병헌 씨는 배우자와 함께 아파트에서 오붓하게 지내며, 가끔 자녀들의 집을 방문해 무뚝뚝한 표정으로 손주들에게 용돈을 쥐여주며 서툰 애정을 표현합니다.","김병헌 씨는 등산 후 단골 중식당에서 얼큰한 짬뽕 국물에 밥을 말아 먹는 소박한 식사를 즐기며, 일주일에 한 번은 아내와 함께 거실에서 배달 음식을 시켜 먹습니다.","주말이면 친구들과 분성산 등산로를 오르며 땀을 흘리고, 하산 후에는 단골 중식당에서 짬뽕 국물에 밥을 말아 먹으며 담소를 나눕니다. 평소에는 역사 서적을 읽거나 동네 목욕탕 사우나에서 눅눅하게 몸을 지지는 시간을 즐깁니다.","김병헌 님은 김해의 오래된 골목과 신도시의 팽창을 모두 지켜보며 성장했습니다. 실용적인 가치를 최우선으로 여기며, 예의는 갖추되 자신의 기준에 맞지 않는 일에는 단호하게 선을 긋는 성격 탓에 주변에서 가끔 무뚝뚝하다는 평가를 받습니다."
61506bbcfa31491485e9279c07e2d7dc,남자,63,60대,서울,서울-구로구,지방,배우자있음,고등학교,해당없음,"전직 상·하수 배관공, 현재 구직중",배우자와 거주,아파트,"이윤재 씨는 구로공단의 성실함을 가슴에 품고 살아온 베테랑 배관공 출신으로, 가족에 대한 사랑과 소박한 일상의 행복을 중시하며 시설 관리직으로의 재취업을 꿈꾸는 60대 가장입니다.","이윤재 씨는 구로공단의 활기찬 시절부터 현장에서 땀 흘려온 베테랑 상하수도 배관공으로, 낡은 빌라의 누수 지점을 청진기 없이 소리만으로 정확히 짚어내는 탁월한 감각을 가졌습니다. 현재는 전면적인 현장 복귀보다는 아파트 관리사무소의 시설 관리직이나 소규모 설비 업체의 기술 자문으로 들어가 규칙적인 일상을 되찾고 사회적 소속감을 느끼길 원합니다.","이윤재 씨는 평생 가족을 위해 묵묵히 헌신해 온 가장으로, 이제는 아내와 함께 보내는 시간의 소중함을 느끼며 서로의 다정한 말동무가 되어줍니다. 무뚝뚝해 보이지만 아내가 좋아하는 벚꽃길을 함께 걷고 가족 여행 계획을 세심하게 챙기는 모습에서 깊은 가족애를 드러냅니다.","이윤재 씨는 외식을 할 때면 고깃집보다는 나물 반찬이 정갈하게 나오는 한식당이나 도토리묵이 맛있는 주점을 즐겨 찾습니다. 밖으로 나가는 번거로움을 피하려 배달 앱으로 음식을 시켜 먹는 횟수가 주 2~3회로 잦으며, 이는 건강 관리를 해야 한다는 다짐과 늘 충돌하는 지점입니다.","아내와 함께 안양천 벚꽃길을 천천히 거닐거나, 주말이면 오래된 단골 주점에서 친구들과 막걸리에 도토리묵을 곁들이며 옛이야기를 나누는 시간을 소중히 여깁니다.","구로공단 시절의 활기와 땀방울을 기억하며, 성실함이 최고의 자산이라고 믿고 살아온 세대입니다. 화려한 학벌보다는 현장에서 몸으로 부딪히며 배운 경험을 귀하게 여기며, 가족을 위해 묵묵히 헌신하는 것을 당연하게 생각하는 가치관을 가지고 있습니다."
e549401df2c248779cfcea2cfa960405,여자,60,60대,전라남,전라남-여수시,지방,배우자있음,고등학교,해당없음,무직,배우자·자녀·어머니와 거주,아파트,"김인숙 씨는 여수 웅천동에서 가족과 어머니를 지극정성으로 보살피며, 건강에 대한 불안과 남도 손맛의 자부심 사이에서 매일을 성실하게 살아가는 60대 주부입니다.","김인숙 씨는 여수 웅천동 아파트에서 평생을 가족의 안식처를 만드는 일에 매진해 왔으며, 특히 연로하신 어머니의 투약 시간과 식단을 분 단위로 챙기는 철저한 간병 전문가로서의 삶을 살고 있습니다. 집안 구석구석의 먼지 한 톨 허용하지 않는 꼼꼼함으로 가족들에게 무언의 신뢰를 주지만, 때로는 지나친 완벽주의 때문에 가족들을 피곤하게 만들기도 합니다.","김인숙 씨는 시어머니와 자녀들을 정성껏 보살피며 가족의 화목을 최우선으로 여기는 강인한 어머니이자 며느리로서, 보수적인 가치관을 바탕으로 집안의 기강과 질서를 꼼꼼하게 잡아갑니다. 다만 혈당 관리에 대한 강박이 심해지는 날에는 식사 자리에서 가족들에게 예민하게 굴어 분위기를 무겁게 만들기도 하는 서툰 점이 있습니다.","김인숙 씨는 갓김치와 꼬막무침을 짜지 않고 깔끔하게 버무려 내는 남도 음식의 정석을 보여주며, 외식을 할 때는 고기집보다는 정갈한 나물 반찬이 나오는 한식당이나 여수 밤바다가 보이는 단골 주점을 찾습니다. 건강을 위해 식단을 엄격히 제한하려 애쓰지만, 정작 친구들과의 술자리에서는 맛깔스러운 안주 앞에서 잠시 갈등하는 인간적인 면모가 있습니다.","오동도 해안 산책로를 천천히 걸으며 계절마다 바뀌는 풍경을 사진으로 남깁니다. 유튜브에서 건강 정보나 임영웅의 영상을 찾아보며 시간을 보내고, 가끔 친구들과 여수 밤바다가 보이는 단골 주점에서 가벼운 반주를 곁들인 수다를 즐깁니다.","여수 웅천동 아파트에서 시어머니와 자녀들을 챙기며 평생을 살림에 매진해 왔습니다. 전라도 특유의 넉살과 꼼꼼함을 동시에 가졌으며, 고등학교 졸업 후 일찍 가정을 꾸려 가족의 안위를 최우선으로 여기는 보수적이면서도 강인한 생활력을 체득했습니다."
261cfa557ee14d898e31af62d2303675,여자,66,60대,대전,대전-유성구,지방,사별,고등학교,해당없음,그 외 기능 관련 종사원,혼자 거주,아파트,"송점순 씨는 유성구에서 자립적인 삶을 일궈낸 전문 행정 실무자이자, 숲과 사진 그리고 이국적인 맛을 사랑하는 세련된 60대 여성입니다.","송점순 씨는 유성구의 한 협회에서 회원 명부의 쉼표 하나까지 놓치지 않는 꼼꼼함으로 동료들의 절대적인 신뢰를 받으며, 행사장 곳곳에서 터지는 돌발 상황을 능숙하게 수습하는 해결사 역할을 자처합니다. 가끔은 자신의 주장을 굽히지 않아 젊은 직원들과 팽팽한 기싸움을 벌이기도 하지만, 결국 정교한 논리로 상대의 동의를 끌어내는 노련함을 보여줍니다.","송점순 씨는 사별 후 유성구의 아파트에서 홀로 지내며 고독을 친구 삼아 살아가는 법을 익혔지만, 마음 한구석에는 여전히 누군가와 온기를 나누고 싶은 외로움을 품고 있습니다. 자녀나 친척보다는 마음 맞는 친목 모임 사람들과의 유대감에서 더 큰 정서적 위안을 얻습니다.","송점순 씨는 2주에 한 번 정도 유성구 골목에 숨어 있는 베트남 쌀국수 집을 찾아 진한 국물과 고수 향을 즐기며, 평소에는 나물 위주의 정갈한 한정식을 선호합니다. 가끔 귀찮은 날에는 스마트폰 앱으로 깔끔한 비빔밥 도시락을 주문해 혼자만의 만찬을 즐깁니다.","친목 모임 회원들과 함께 전국 곳곳의 숨은 숲길을 찾아다니며 풍경 사진을 찍고, 가끔은 유성구 근처의 정갈한 베트남 쌀국수 집에서 이국적인 맛을 즐깁니다. 주말 오후에는 유튜브로 최신 메이크업 영상을 찾아보며 집에서 피부 관리를 하거나 낮잠으로 에너지를 충전합니다.","유성 온천 거리의 정취와 갑천변의 한적함을 모두 누리며 살아온 대전 토박이입니다. 사별 후 홀로 지내며 외로움을 다스리는 법을 터득했고, 고등학교 졸업 후 곧바로 사회생활에 뛰어들어 치열하게 살아온 세대의 강단과 독립심이 몸에 배어 있습니다."
495932a1085b4e058857e1c0595622e8,여자,63,60대,경기,경기-화성시,지방,사별,고등학교,해당없음,무직,기타3세대,아파트,"박순이 씨는 화성시에서 3세대 가족을 보듬으며, 융건릉 산책과 트로트, 수목원 나들이로 삶의 활력을 찾는 온화하고 강인한 할머니입니다.","박순이 씨는 공식적인 직함은 없지만, 명절마다 족히 10명이 넘는 식구들을 위해 큼지막한 솥에 갈비찜과 잡채를 뚝딱 만들어내는 집안의 실질적인 살림 책임자입니다. 교회 소모임에서는 의견 충돌이 생길 때마다 특유의 유연함으로 양쪽 이야기를 모두 경청하며 원만하게 합의점을 찾아내는 해결사 역할을 톡톡히 해냅니다.","박순이 씨는 사별 후 적막할 수 있었던 집안을 손주들의 재잘거림과 자식들의 분주함으로 채우며, 3세대 가족의 중심에서 묵묵히 뒷바라지를 도맡아 합니다. 손주들이 성인이 될 때까지 곁에서 건강하게 지켜주고 싶다는 간절한 소망을 가지고 있으며, 때로는 엄격한 할머니처럼 굴다가도 금세 손주들의 어리광에 무너지는 다정한 면모를 보입니다.","박순이 씨는 일주일에 한 번 가족들과 외식을 나갈 때면 항상 양념 갈비가 맛있는 고깃집을 찾고, 가끔 가벼운 끼니가 필요할 때는 동네 김밥집에서 갓 말아낸 김밥을 즐겨 먹습니다. 배달 음식은 한 달에 한 번 정도 손주들이 원하는 메뉴로 시켜주며 낯선 맛을 경험하고, 평소에는 본인이 직접 무친 나물과 갓 지은 솥밥으로 소박한 상차림을 준비합니다.","주말이면 동네 친구들과 융건릉 산책로를 천천히 걷고, 가끔 동네 미용실에서 파마를 하며 최근 유행하는 트로트 가수의 노래 이야기를 나누거나 손주가 알려준 유튜브 영상들을 챙겨 봅니다.","화성시의 논밭이 아파트 숲으로 빠르게 변하는 과정을 몸소 겪으며 살아왔고, 현재는 3세대 가족이 함께 사는 집안에서 손주들의 뒷바라지와 집안의 중심을 잡는 역할을 수행하고 있습니다."
da4e032970094728bf285e4b9fe213f8,여자,66,60대,경기,경기-용인시 기흥구,지방,배우자있음,고등학교,해당없음,수금원,배우자·자녀와 거주,아파트,윤경숙 씨는 억척스러운 삶의 궤적을 지나 이제는 소소한 일상의 즐거움과 경제적 자립을 동시에 추구하는 용인의 베테랑 수금원입니다.,"윤경숙 씨는 상대방의 미세한 눈떨림이나 말투의 끝맺음만 보고도 입금 의사가 있는지 단번에 읽어내는 베테랑 수금원입니다. 넉살 좋은 웃음으로 경직된 분위기를 유연하게 만들다가도, 정산일이 되면 단호하게 확답을 받아내는 노련한 협상 기술을 발휘합니다.","윤경숙 씨는 용인 기흥의 논밭이 아파트 숲으로 변하는 세월 동안 가족의 생계를 짊어지고 억척스럽게 살아온 집안의 기둥입니다. 무뚝뚝한 남편과 자녀들을 세심히 챙기는 책임감이 강하며, 거실에 모여 앉아 시시콜콜한 일상을 공유하는 시간을 가장 아낍니다.",윤경숙 씨는 친구들과의 외식 메뉴로 도토리묵 무침이나 나물 비빔밥 같은 깔끔한 한식을 고릅니다. 그러면서도 일주일에 두세 번은 배달 앱을 켜서 페퍼로니 피자와 치즈버거를 주문해 젊은 세대의 입맛을 따라가는 반전 취향을 가졌습니다.,"스마트폰으로 퍼즐 게임의 단계를 하나씩 깨나가는 성취감을 즐기며, 주말이면 친구들과 광교 호수공원을 천천히 걷고 근처 식당에서 도토리묵이나 비빔밥 같은 깔끔한 한식을 함께 먹습니다. 일주일에 두어 번은 배달 앱으로 페퍼로니 피자나 치즈버거를 시켜 먹으며 젊은 세대의 입맛을 따라가 봅니다.","용인 기흥의 논밭이 아파트 단지로 변해가는 과정을 지켜보며 살아왔고, 고등학교 졸업 후 곧바로 사회생활에 뛰어들어 억척스럽게 삶을 일궈온 세대입니다. 가족을 뒷바라지하는 책임감과 더불어 동네 친구들과의 수다로 스트레스를 푸는 소소한 일상을 삶의 중심에 둡니다."
3843c5a306fe4f6ba722b986c6bd4d5c,여자,64,60대,경기,경기-고양시 일산서구,지방,배우자있음,고등학교,해당없음,매장 계산원,배우자와 거주,아파트,"홍인순 씨는 일산의 한 매장에서 꼼꼼한 손끝으로 일하며, 소박한 내 집 마련의 꿈과 함께 임영웅의 노래와 동네 사우나를 사랑하는 현실적이고 활기찬 60대 여성입니다.","홍인순 씨는 고양시 일산의 매장에서 수천 개의 바코드를 쉼 없이 찍어내면서도 단돈 10원의 오차조차 허용하지 않는 철두철미한 계산원입니다. 억지를 부리는 손님을 노련한 말솜씨로 달래는 동시에, 실수투성이 후배 직원들을 매섭게 다그치며 매장 질서를 잡는 현장의 실세로 통합니다.","홍인순 씨는 일산신도시가 들어서던 시절부터 억척스럽게 살림을 일궈온 집안의 기둥으로, 명절이면 친척들을 불러 모아 북적이는 분위기를 주도합니다. 무뚝뚝한 남편과도 소주잔을 기울이며 속내를 털어놓는 돈독한 관계를 유지하며, 가족 행사 때마다 특유의 활달함으로 집안의 중심을 잡습니다.","홍인순 씨는 보름에 한 번쯤 가족들과 함께 동네 갈빗집에서 지글지글 구운 고기를 먹으며 외식을 즐기고, 입맛이 없을 때는 가끔 배달 앱으로 김밥과 떡볶이를 시켜 먹습니다. 저녁 식탁에 올린 소박한 반찬과 시원한 소주 한 잔은 그녀가 하루의 긴장을 푸는 가장 확실한 방법입니다.","주말이면 남편과 함께 일산 호수공원을 천천히 걷거나 북한산 둘레길을 오르며 잡념을 털어내고, 동네 사우나에서 지인들과 뜨거운 탕에 몸을 담근 채 세상 돌아가는 이야기를 나누는 시간을 가장 아낍니다. 저녁에는 거실에 앉아 임영웅의 노래가 나오는 프로그램을 시청하며 하루의 피로를 풀고, 가끔은 남편과 소주 한 잔을 기울이며 담배 한 대를 피우는 것으로 스트레스를 해소합니다.","일산신도시가 조성되던 시절의 역동성을 몸소 겪으며 삶의 터전을 잡았고, 고등학교 졸업 후 곧바로 사회생활에 뛰어들어 억척스럽게 가정을 일궈온 세대의 가치관을 지니고 있습니다. 동창들과의 끈끈한 유대감을 중요하게 여기며, 명절이나 가족 행사 때면 특유의 활달함으로 분위기를 주도하며 집안의 중심 역할을 수행합니다."
75f943140bd5492da62b65eebd325fc5,남자,79,70대,서울,서울-강남구,지방,배우자있음,4년제 대학교,농림어업·수의학,무직,배우자·편부모와 거주,주택 이외의 거처,"권진환 씨는 강남의 도심 속에서 전공을 살린 식물 돌보기와 UFC 분석, 현대 미술 감상을 즐기며 손주를 위한 기록물을 만드는 79세의 낭만적인 은퇴자입니다.","권진환 씨는 전공인 농림어업 지식을 활용해 베란다 화초들의 잎맥 색깔만 보고도 부족한 영양분을 짚어내며, 직접 배합한 맞춤형 영양제를 처방하는 식물 전문가의 면모를 보입니다. 최근에는 서재에 쌓인 낡은 농업 관찰 일기들을 스마트폰 카메라로 촬영해 디지털 파일로 옮기며, 손주들에게 물려줄 작은 책자를 만드는 일에 매진하고 있습니다.","권진환 씨는 배우자 그리고 연로하신 부모님을 모시고 함께 살며, 집안의 중심축으로서 가족들을 세심하게 배려하면서도 때로는 자신의 주관을 분명하게 내세웁니다. 손주들을 위해 자신의 젊은 시절 기록을 책으로 엮으려 노력하는 모습에서 가족에 대한 깊은 애정과 세대 간의 연결 고리를 만들고자 하는 의지가 보입니다.","권진환 씨는 동네 단골 중식당에서 춘장의 진한 풍미가 살아있는 간짜장을 시켜 먹으며 친구들과 시간을 보내거나, 집에서 편하게 배달 앱으로 중식을 주문해 먹습니다. 외식을 할 때는 고기구이 같은 무거운 음식 대신 정갈한 나물 반찬이 나오는 한식당을 찾아 가벼운 식사를 즐깁니다.","유튜브로 UFC 경기 분석 영상을 챙겨보며 격투기의 전략적 움직임에 몰입합니다. 주말이면 가족들과 함께 경주 불국사의 고즈넉한 분위기 속에서 역사의 흔적을 쫓으며, 동네 단골 중식당에서 간짜장을 시켜 먹으며 친구들과 소소한 담소를 나눕니다.","강남의 화려한 도심 속에 살고 있지만, 대학 시절 배운 흙과 나무의 정서를 잊지 않고 살아갑니다. 압구정동의 작은 갤러리를 느릿하게 둘러보며 현대 미술의 파격적인 시도에 흥미를 느끼곤 합니다."
c17fb6cb01ed42859cfa3735c910b1ac,남자,73,70대,경기,경기-의왕시,지방,배우자있음,중학교,해당없음,시설 경비원,배우자와 거주,다세대주택,"조종화 씨는 의왕에서 다세대 주택을 일구고 시설 경비원으로 일하며, 트로트와 백운호수 산책으로 삶의 여유를 찾는 현실적이고 정 많은 70대 남성입니다.","조종화 씨는 시설 경비원으로 근무하며 턱 끝까지 화가 난 민원인의 기분을 빠르게 읽어내어 능숙하게 상황을 무마시키고, 덜컥거리는 문손잡이나 헐거워진 나사 하나쯤은 뚝딱 고쳐놓는 손재주로 인정받습니다. 동료들과 어울리는 것을 좋아해 경비실의 분위기 메이커를 자처하지만, 자신의 구역이나 원칙에 어긋나는 일에는 단호하게 목소리를 높여 주변을 긴장시키기도 합니다.","조종화 씨는 중학교 졸업 후 곧장 생업에 뛰어들어 자식들을 키워내고 내 집 마련을 이뤄낸 자부심이 강하며, 이제는 곁을 지켜준 아내와 함께 다세대 주택에서 평온한 노년을 보내고 있습니다. 무뚝뚝한 성격 탓에 다정한 말 한마디 건네는 것이 쑥스럽지만, 아내가 좋아하는 반찬을 슬그머니 챙겨주는 방식으로 깊은 애정을 표현합니다.","조종화 씨는 일주일에 한 번, 아내와 함께 단골 한식당에서 나물 반찬이 듬뿍 담긴 정갈한 밥상을 마주하며 소소한 대화를 나눕니다. 주말 저녁이면 동네 치킨집에서 갓 튀겨낸 바삭한 통닭을 배달시켜 시원한 맥주와 함께 즐기는 시간을 일주일 중 가장 기다리는 최고의 만찬으로 칩니다.","백운호수 주변을 느릿하게 산책하며 계절 변화를 살피고, 저녁에는 갓 튀겨온 치킨에 시원한 맥주 한 잔을 곁들이며 TV 속 트로트 가수들의 무대를 감상하는 시간에서 가장 큰 행복을 느낍니다.","중학교 졸업 후 빠르게 생업에 뛰어들어 경기도 의왕의 다세대 주택 한 채를 일구기까지, 성실함 하나로 버텨온 한국 근대 산업화 세대의 삶을 살아왔습니다. 자식 교육과 내 집 마련이라는 현실적인 목표를 최우선으로 삼았기에, 화려한 학위보다는 삶의 현장에서 터득한 눈치와 처세술을 더 신뢰합니다."
aab869cc696445188a5eb4cdc7562f11,남자,70,70대,광주,광주-광산구,지방,배우자있음,고등학교,해당없음,무직,배우자·자녀와 거주,아파트,"홍덕수 씨는 광주 광산구에서 KIA 타이거즈와 홍어삼합을 사랑하며, 꼼꼼한 살림 솜씨로 주변의 신뢰를 받는 현실적인 70대 어르신입니다.",홍덕수 씨는 동네 경로당과 친목 모임의 총무를 도맡아 회비 장부를 십 원 단위까지 꼼꼼하게 맞추며 주변의 두터운 신뢰를 얻고 있습니다. 홍덕수 씨는 삐걱거리는 의자 다리나 수평이 맞지 않는 식탁을 보면 참지 못하고 공구함을 가져와 뚝딱 고쳐놓는 손재주를 발휘합니다.,"홍덕수 씨는 아내와 자녀들이 함께 사는 아파트에서 가족들의 눈치를 살피며 조용히 낮잠을 청하거나 텔레비전 채널을 돌립니다. 홍덕수 씨는 자식들에게 짐이 되지 않겠다는 다짐을 입버릇처럼 말하면서도, 가끔은 손주들의 재롱을 보며 무뚝뚝한 표정 뒤로 흐뭇한 미소를 짓습니다.","홍덕수 씨는 주말이면 단골 주점에서 삭힌 홍어와 돼지수육, 묵은지가 어우러진 홍어삼합에 소주를 곁들이며 세상 돌아가는 이야기를 나눕니다. 홍덕수 씨는 외식을 할 때면 기름진 고기집보다는 정갈한 나물 반찬이 많이 나오는 백반집을 찾아가 든든하게 한 끼를 해결합니다.","챔피언스 필드에서 KIA 타이거즈 경기를 관람하며 소리를 지르거나, 동네 사우나에서 뜨거운 물에 몸을 담근 뒤 마시는 바나나 우유 한 잔을 즐깁니다. 주말이면 단골 주점에서 지인들과 함께 홍어삼합에 소주 한 잔을 기울이며 세상 돌아가는 이야기를 나눕니다.","광주 광산구의 오래된 아파트 단지에서 이웃들과 정을 나누며 살아왔으며, 전라도 특유의 풍성한 상차림과 공동체 의식을 자연스럽게 익혔습니다. 격동의 시기를 지나오며 실리를 챙기는 법을 배웠고, 이제는 동네 경로당이나 모임에서 중심을 잡는 역할을 수행합니다."
687cedd5b1ac44ac839d55e4a7c1444d,남자,74,70대,경상북,경상북-포항시 북구,지방,배우자있음,4년제 대학교,농림어업·수의학,"전직 품질 관리 사무원, 현재 구직중",배우자·자녀와 거주,아파트,"우순표 씨는 포항의 인심과 농업 전문성을 갖춘 74세 어르신으로, 고도비만임에도 건강 수치가 좋으며 사교적인 성격으로 지역 사회의 재취업을 꿈꾸는 활기찬 인물입니다.","우순표 씨는 포항 지역 농산물의 등급을 매기던 꼼꼼한 눈썰미를 바탕으로, 지금도 시장에 가면 사과 한 알만 보고도 특급인지 하급인지 바로 맞히곤 합니다. 우순표 씨는 지역 농협의 자문 위원이 되기 위해 낡은 서류 가방 속에 정성껏 정리한 경력 증명서를 넣고 다니며 다시 한번 현장으로 복귀할 기회를 엿보고 있습니다.","우순표 씨는 아파트 거실에서 배우자와 함께 TV 프로그램을 보며 소소한 의견 충돌을 빚기도 하지만, 이내 너털웃음을 터뜨리며 분위기를 부드럽게 만드는 능숙한 남편입니다. 우순표 씨는 자녀들의 고민 상담 요청이 들어오면 농사짓던 시절의 경험을 섞어 조언해주며, 가족 구성원 모두가 화목하게 지내는 것을 인생의 가장 큰 성취로 여깁니다.","우순표 씨는 일주일에 한 번 가족들과 함께 청국장이나 보리밥 같은 구수한 한식당을 찾아가 정갈한 나물 반찬을 곁들여 식사합니다. 우순표 씨는 보름에 한 번꼴로 배달 앱을 통해 자녀들의 도움을 받아 치킨이나 피자를 시켜 먹으며, 가끔은 동네 주점에서 도토리묵에 시원한 음료를 곁들이며 수다를 떱니다.","주말이면 가족들을 태우고 경주 황리단길이나 안동 하회마을 같은 곳으로 드라이브를 떠나며, 포항 국제불빛축제 같은 지역 행사가 열리면 지인들을 불러 모아 함께 관람합니다.","포항 북구의 지역색이 짙은 환경에서 성장하며 농림어업을 전공했고, 특유의 넉살과 사교성으로 동네 경로당이나 지역 사회 모임에서 분위기를 이끄는 중심 역할을 해왔습니다."
caf97a9ad64c4b8ea10ebed5d21bfe90,남자,79,70대,경상북,경상북-경주시,지방,배우자있음,고등학교,해당없음,무직,배우자·자녀와 거주,단독주택,"이정도 씨는 경주에서 나고 자라 실용적인 삶의 가치를 중시하며, 가족에 대한 깊은 애정을 손재주와 정갈한 집 관리로 표현하는 79세의 어르신입니다.","이정도 씨는 낡은 문고리가 덜컹거리거나 식탁 다리가 흔들리면 직접 공구함을 꺼내 고치는 손재주를 가졌으며, 집 앞 작은 텃밭에서 고추와 상추를 정성껏 길러 식탁에 올리는 실용적인 생활인입니다.","이정도 씨는 무뚝뚝한 경상도 아버지의 모습으로 말수는 적으시지만, 자녀들이 내려올 때 편히 쉴 수 있도록 마당의 잡초를 뽑고 집안 구석구석을 정갈하게 닦아두는 지극한 사랑을 보여주십니다.","이정도 씨는 일주일에 한 번 가족들과 동네 김밥집에서 떡볶이와 꼬마김밥을 나누어 드시거나 보리밥 정식 같은 소박한 한식을 즐기시며, 이주일에 한 번 정도는 배달 음식으로 입맛을 돋우십니다.","거실 소파에 기대어 프로야구 중계 방송을 보며 응원팀의 경기 운영 방식을 분석하시고, 가끔 가족들과 함께 포항이나 울산으로 나가 제철 회나 지역 별미를 찾아 드시는 시간을 가장 기다리십니다.","경주에서 나고 자라 불국사와 석굴암이 관광지가 아닌 일상적인 풍경인 환경에서 청년기를 보냈으며, 경상도 특유의 무뚝뚝함 속에 가족에 대한 깊은 애정을 품고 살아가십니다. 고등학교 졸업 후 지역 사회의 격변기를 몸소 겪으며 화려한 이론보다 눈앞의 실용적인 가치를 중시하는 생활 태도를 갖게 되셨습니다."
a22cb8aebd0e41e6b18713ec28df2edd,여자,76,70대,서울,서울-강서구,지방,사별,초등학교,해당없음,무직,기타2세대,아파트,"김옥순 씨는 강서구의 변화를 지켜보며 살아온 강인한 생활력의 소유자로, 임영웅의 노래와 식물원 산책으로 소소한 행복을 찾는 76세 할머니입니다.","김옥순 씨는 정규 교육 대신 시장 바닥에서 몸으로 익힌 살림 솜씨로 강서구 일대 물가를 훤히 꿰뚫고 있으며, 적은 예산으로도 식탁을 풍성하게 차려내는 생활의 달인입니다. 다만 가계부를 꼼꼼히 기록하기보다 머릿속으로 대강 계산하며 살림을 꾸리는 느슨한 습관이 있습니다.","김옥순 씨는 사별 후 자녀들과 함께 살며 손주들의 재롱에 웃음 짓지만, 내심 자식들에게 짐이 될까 봐 아픈 곳이 있어도 꾹 참는 경향이 있습니다. 다정하게 굴다가도 자녀들이 자신의 생활 방식에 간섭하면 단호하게 선을 그어 분위기를 서늘하게 만들기도 합니다.","김옥순 씨는 맵지 않고 담백하게 무친 취나물이나 고사리 같은 제철 밑반찬을 일품으로 만들어내며, 가끔 기분 전환이 필요할 때는 짜장면이나 짬뽕 같은 중식 메뉴를 배달시켜 먹습니다. 외식으로는 주로 고기 없는 정갈한 한정식집을 찾아갑니다.","오후의 나른한 낮잠 뒤에 텔레비전으로 임영웅의 노래를 찾아 듣거나, 집 근처 서울식물원 산책로를 천천히 걸으며 계절마다 바뀌는 꽃 이름을 확인합니다.","전쟁 직후의 어려운 시절을 보내며 정규 교육보다는 집안일과 생존 기술을 먼저 익혔고, 강서구의 논밭이 아파트 숲으로 변하는 과정을 몸소 겪으며 현실적인 생활력을 길러왔습니다."
a4d9fbb006784ee4b5af28998ef4e884,여자,72,70대,서울,서울-동작구,지방,배우자있음,고등학교,해당없음,무직,배우자와 거주,아파트,"허영애 씨는 상도동에서 수십 년간 꼼꼼한 살림 솜씨와 성실함으로 가족을 지켜온, 건강한 노후와 소박한 일상의 행복을 소중히 여기는 72세 여성입니다.","허영애 씨는 서울 동작구 상도동 집안의 실질적인 운영자로, 수십 년간 가계부를 십 원 단위까지 맞추는 꼼꼼함으로 살림을 꾸려왔으며 정갈한 나물 반찬과 찌개 솜씨로 가족들의 입맛을 책임지는 내조의 전문가입니다.","허영애 씨는 무뚝뚝한 남편과 상도동에서 수십 년을 살며 서로의 습관을 다 꿰뚫고 있으며, 자녀들에게 짐이 되지 않으려 건강 관리에 집착하면서도 손주들의 재롱 앞에서는 한없이 마음이 약해지는 전형적인 할머니의 모습을 보입니다.","허영애 씨는 주말마다 가족들이 모이면 직접 담근 된장으로 찌개를 끓이고 돼지갈비를 구워 내놓으며, 가끔 입맛이 없을 때는 동네 분식집에서 떡볶이와 김밥을 포장해와 소박하게 끼니를 해결하곤 합니다.","스마트폰으로 길가에 핀 들꽃이나 손주들의 일상을 사진으로 남기고, 주말이면 남편과 함께 아산 온천을 방문해 따뜻한 물에 몸을 녹이며 일상의 긴장을 푸는 시간을 갖습니다.","동작구 상도동 일대에서 수십 년을 거주하며 이웃들과 두터운 신뢰 관계를 유지해 왔으며, 여학생의 진학이 지금보다 어려웠던 시절 고등학교를 졸업해 성실함과 책임감을 삶의 핵심 가치로 삼아왔습니다."
460465267f7f43879e3c5291e2587920,여자,73,70대,대구,대구-달서구,지방,배우자있음,중학교,해당없음,무직,배우자와 거주,아파트,"윤명숙 씨는 대구 달서구에 거주하며 배드민턴과 트로트 시청으로 활기를 찾는, 손맛 좋고 정이 많지만 걱정도 많은 73세 할머니입니다.","윤명숙 씨는 수십 년간 가정을 돌보며 삭힌 깻잎과 제철 나물을 무치는 독보적인 손맛을 갖게 되었고, 특유의 부드러운 말투로 동네 지인들 사이의 사소한 오해와 갈등을 조용히 중재하는 역할을 도맡아 합니다.","윤명숙 씨는 보수적인 대구의 가풍 속에서 인내와 화목을 최우선으로 여기며 살아온 아내이자 어머니로, 배우자와 함께 조용한 일상을 공유하며 자식들의 안부를 챙기는 것에 삶의 중심을 둡니다.","윤명숙 씨는 정갈한 한정식집에서 가벼운 반주를 곁들여 식사하는 것을 즐기며, 가끔은 손주들이 좋아하는 김밥이나 떡볶이 같은 분식 메뉴로 입맛을 바꾸어 외식을 즐깁니다.","유튜브로 트로트 가수의 무대 영상을 찾아보며 시간을 보내고, 달서구 지역 커뮤니티 센터에서 배드민턴을 치며 땀을 흘린 뒤 친구들과 가벼운 반주를 곁들인 한정식을 즐깁니다.","대구의 보수적인 분위기 속에서 성장하며 가족의 화목과 인내를 최우선으로 배우며 살았고, 중학교 졸업 후 빠르게 가사 노동에 뛰어들어야 했던 시대적 한계를 품고 있습니다."
39c0dabbd677455cb850ab2d512d0022,여자,72,70대,서울,서울-송파구,지방,배우자있음,고등학교,해당없음,건물 청소원,배우자와 거주,다세대주택,"최복선 씨는 송파구 가락동에서 평생을 일궈온 성실한 건물 청소원이자, 자립적인 삶과 소소한 원예 활동에서 행복을 찾는 70대 여성입니다.","최복선 씨는 예술센터의 바닥 자재가 대리석인지 타일인지 한눈에 파악해 딱 맞는 세제를 꺼내 쓰는 숙련공으로, 동료들이 쩔쩔매는 찌든 때를 가장 빠른 동선으로 말끔히 지워내며 센터 내에서 대체 불가능한 존재감을 뽐냅니다.","최복선 씨는 가락동의 낡은 다세대주택에서 무뚝뚝한 남편과 함께 살며, 젊은 시절 가족을 먹여 살리기 위해 억척스럽게 일했던 기억을 훈장처럼 여기면서도 가끔은 남편의 무심함에 단호하게 소리를 지르곤 합니다.","최복선 씨는 일주일에 대여섯 번은 집 밖에서 식사를 해결하며, 특히 가락동 인근의 돼지갈비집에서 지글지글 구운 고기를 먹거나 깔끔한 초밥 정식을 즐기며 하루의 스트레스를 풉니다.","유튜브로 정원 가꾸기 영상을 보며 베란다의 작은 화분들을 정성껏 돌보고, 주말에는 마음 맞는 친구들과 함께 경주 불국사나 부여 궁남지 같은 역사 유적지를 찾아다니며 옛이야기를 나누는 시간을 즐깁니다.","송파구 가락동의 좁은 골목과 다세대주택가에서 오래 거주하며 잠실 일대가 고층 빌딩숲으로 변하는 과정을 모두 지켜본 세대이며, 고등학교 졸업 후 바로 생업에 뛰어들어 가족을 부양하며 억척스럽게 살아온 이력을 가지고 있습니다."
1ffeed65f22a487b894dbf3702eb1dc3,여자,70,70대,경기,경기-수원시 장안구,지방,사별,초등학교,해당없음,무직,손자녀와 거주,아파트,"박연숙 씨는 배움에 대한 갈망과 철저한 자기관리로 무장한 채, 손주들에 대한 세심한 사랑과 웹툰이라는 현대적 취향을 동시에 가진 수원 장안구의 외강내유형 할머니입니다.","박연숙 씨는 수원시 성인 문해 교육 센터의 모범생으로, 매일 아침 정해진 시간에 단어를 쓰고 읽으며 어린 시절 놓친 배움의 한을 풉니다. 집안에서는 냉장고 식재료 유통기한을 날짜별로 라벨링해 관리하는 정교한 살림 전문가의 면모를 보입니다.","박연숙 씨는 사별 후 적적함을 손주들의 재잘거림으로 채우며, 아이들의 식사와 생활 패턴을 완벽하게 관리해 주는 든든한 버팀목입니다. 하지만 가끔은 자신의 높은 기준을 아이들에게 강요하다가 차가운 분위기를 만들기도 하는 단호한 성격의 소유자입니다.","박연숙 씨는 손주들이 알레르기 반응을 보이지 않도록 식재료 성분을 일일이 대조해 식단표를 짜는 지극한 정성을 보입니다. 주말이면 단골 일식집에서 정갈한 초밥 정식을 주문해 먹으며, 평소에는 고기가 들어가지 않은 나물 위주의 한식 식단을 고집합니다.","화성행궁 담벼락을 따라 산책하며 친구들과 담소를 나누고, 가끔은 정갈한 초밥 정식으로 기분을 내며 스마트폰으로 최신 웹툰을 챙겨 봅니다.","장안문 인근의 오래된 동네 분위기를 좋아하며, 어린 시절 배움의 기회를 놓친 아쉬움을 스스로 정한 엄격한 일과표를 지키는 습관으로 채우며 살아왔습니다."
d7862672a0404d5fafa0fbe039c18c97,남자,81,80대,경기,경기-의왕시,지방,배우자있음,고등학교,해당없음,무직,배우자·자녀와 거주,아파트,"이정교 씨는 의왕 백운호수 인근에서 당뇨를 관리하며 평온한 노후를 보내는 81세 어르신으로, 행정 업무의 꼼꼼함과 유연한 성격을 바탕으로 가족의 중심을 잡는 다정한 중재자입니다.","이정교 씨는 수십 년간 사무 행정직에서 서류 뭉치를 날짜와 중요도별로 완벽하게 분류하던 습관이 있어, 지금도 집안의 모든 공과금 영수증과 가족들의 보험 증권을 투명 파일에 넣어 체계적으로 관리합니다. 이정교 씨는 원칙을 중시하면서도 상황에 따라 유연하게 대처하는 노련함이 있어, 집안의 대소사로 자녀들이 의견 충돌을 빚을 때면 조용히 찻잔을 내려놓으며 양쪽의 입장을 부드럽게 조율하는 중재자 역할을 수행합니다.","이정교 씨는 배우자와 자녀들이 함께 사는 집안에서 묵직한 존재감을 드러내며, 자녀들이 고민을 털어놓을 때 성급한 충고 대신 가만히 등을 토닥여주는 다정한 아버지의 모습을 보여줍니다. 이정교 씨는 가족 간의 사소한 말다툼이 생기면 특유의 차분함으로 상황을 정리하지만, 가끔은 자신의 원칙이 무시당했다고 느낄 때 입을 꾹 닫고 침묵으로 불편함을 표현하는 고집스러운 면이 있습니다.","이정교 씨는 일주일에 한 번 동네 주점을 찾아 친구들과 함께 노릇하게 구워진 해물파전이나 도토리묵 무침을 나누어 먹으며, 술 대신 시원하고 달콤한 수정과를 곁들여 담소를 나눕니다. 이정교 씨는 나물 비빔밥이나 청국장 같은 담백한 한식을 즐기며, 일주일에 한 번 배달 앱으로 주문하는 자녀들의 추천 메뉴를 통해 요즘 세대의 입맛을 조심스럽게 경험합니다.","백운호수 둘레길을 천천히 걸으며 계절마다 변하는 나무의 색깔과 물결을 관찰하는 시간을 소중히 여깁니다. 저녁에는 돋보기를 쓰고 TV 자연 다큐멘터리를 시청하며, 가끔 친구들과 동네 주점에서 술 대신 시원한 수정과를 곁들여 해물파전 같은 안주 요리를 나누어 먹으며 담소를 나눕니다.","의왕 백운호수 인근에서 오랫동안 거주하며 전원적인 풍경과 도시의 확장을 동시에 경험했습니다. 고등학교 졸업 후 성실하게 직장 생활을 하며 자녀들을 뒷바라지했고, 현재는 아파트 단지 내 정자와 산책로를 중심으로 이웃들과 적당한 거리를 유지하며 평온한 노후를 보내고 있습니다."
80d044621cb84ad88d811d7e73919451,남자,86,80대,경기,경기-성남시 분당구,지방,사별,무학,해당없음,무직,혼자 거주,아파트,"이영학 씨는 척박한 삶을 성실함으로 이겨내어 분당에 보금자리를 마련한 자부심 강한 어르신으로, 이제는 이웃에게 다정한 온기를 나누며 남은 생을 보내고 싶어 하는 소탈한 분입니다.","이영학 씨는 정규 교육은 받지 못했지만 시장통에서 몸으로 배운 손재주가 뛰어나, 아파트 단지 내 삐걱거리는 문이나 낡은 가구를 뚝딱 고쳐내며 이웃들의 은근한 신뢰를 받는 동네 맥가이버입니다.","이영학 씨는 사별 후 적적한 마음을 달래려 자식들의 집을 자주 방문하지만, 정작 그곳에서는 짐이 될까 봐 평소보다 더 깍듯하게 행동하고 서둘러 집으로 돌아오는 외로운 습관이 있습니다.","이영학 씨는 일주일의 절반 이상을 서현역 근처의 보리밥집이나 청국장 집에서 보내며, 가끔은 손주들이 알려준 배달 앱으로 바삭한 치킨을 시켜 먹으며 소소한 일탈의 즐거움을 만끽합니다.",유튜브로 임영웅의 노래를 찾아 듣거나 스마트폰으로 새로운 영상 콘텐츠를 구경하며 시간을 보냅니다. 주말이면 동네 지인들과 함께 서현역 인근의 청국장 집이나 보리밥집을 찾아다니며 밀린 이야기를 나눕니다.,전란 이후의 극심한 가난 속에서 어린 시절부터 시장통의 궂은일을 도우며 몸으로 삶을 배운 세대입니다. 정규 교육은 받지 못했지만 분당 신도시의 형성 과정을 지켜보며 성실함 하나로 내 집 마련의 꿈을 이룬 자부심이 있습니다.
d84900c05c634b139105b212790f2c74,남자,83,80대,서울,서울-서초구,지방,배우자있음,대학원,경영·행정·법,무직,배우자·자녀와 거주,아파트,"조기철 씨는 서초구에 거주하며 법학 지식과 행정적 꼼꼼함으로 가족을 뒷바라지하고, 건강한 노후를 위해 절제된 생활과 소박한 취미를 즐기는 83세의 신사입니다.","조기철 씨는 과거 고속성장기 행정 전문가로 일하며 몸에 밴 질서 정연함을 바탕으로, 지금도 집안의 각종 등기 서류나 세금 고지서를 법학 전공자의 꼼꼼함으로 분류해 파일에 철해둡니다. 조기철 씨는 매일 아침 만년필을 꺼내 그날의 일정과 가계부 지출 내역을 단 1원까지 맞추어 기록하는 것으로 하루를 시작합니다.","조기철 씨는 서초구 아파트에서 배우자와 자녀들과 함께 지내며, 집안의 복잡한 행정 처리나 법적 서류 정리를 도맡아 해결해 주는 든든한 해결사 역할을 자처합니다. 조기철 씨는 자녀들에게 짐이 되지 않으려 건강 관리에 매진하면서도, 가끔은 고집스러운 면모를 보여 집안 분위기를 엄격하게 만들 때가 있습니다.","조기철 씨는 주방에서 앞치마를 두르고 아내를 위해 구수한 된장찌개와 쌉싸름한 취나물 무침을 정성껏 요리하며, 간이 맞지 않으면 몇 번이고 다시 조절하는 섬세함을 보입니다. 조기철 씨는 2주에 한 번 외식을 나갈 때면 고깃집보다는 정갈한 나물 정식집을 찾고, 가끔은 동네 작은 주점에서 가벼운 안주와 함께 옛 동료들과 담소를 나눕니다.","양재천 변을 따라 천천히 걸으며 계절의 변화를 살피고, 주말에는 지역 주민센터에서 배드민턴 채를 잡으며 땀을 흘립니다. 가끔 아내를 위해 된장찌개나 나물무침을 직접 요리하며 소소한 성취감을 느끼고, 동네 사우나에서 뜨거운 탕에 몸을 담그며 일주일의 피로를 풉니다.","고속성장기의 한국 사회에서 행정 전문가로 활동하며 질서와 체계를 중시하는 가치관을 형성했습니다. 서초구의 조용한 동네에서 오래 거주하며 정갈한 생활 양식을 유지하고, 자녀들이 알려주는 스마트폰 기능을 하나씩 메모하며 익히는 등 시대의 흐름을 놓치지 않으려 노력합니다."
08498736a2e242f6b855ebd966605b61,남자,86,80대,경상북,경상북-영주시,지방,사별,초등학교,해당없음,무직,혼자 거주,아파트,김석우 씨는 영주의 고즈넉한 풍경 속에서 손재주와 유연한 마음을 가지고 소박한 일상을 가꾸며 살아가는 80대 어르신입니다.,"김석우 씨는 은퇴 후 특별한 직함은 없지만, 집안의 삐걱거리는 문고리나 헐거운 경첩을 뚝딱 고쳐 쓰는 능숙한 손재주로 가족과 이웃 사이에서 해결사 역할을 합니다.","김석우 씨는 사별 후 넓은 아파트에 홀로 지내고 있지만, 스마트폰 채팅방에서 끊임없이 소통하는 모임 친구들을 통해 가족 같은 유대감을 유지합니다.",김석우 씨는 한 달에 한 번 동네 일식집을 찾아 정갈한 초밥과 시원한 메밀소바를 천천히 음미하며 평소의 단조로운 식단에 변화를 줍니다.,"오후에는 거실 소파에 기대어 '아침마당'이나 트로트 프로그램을 시청하며 낮잠을 즐기고, 가끔은 부석사의 무량수전 앞마당에서 바람을 쐬며 생각에 잠깁니다. 한 달에 한 번 외식을 할 때는 동네 일식집에서 정갈한 초밥이나 메밀소바를 천천히 음미하며 시간을 보냅니다.","영주 소수서원 근처의 고즈넉한 분위기 속에서 평생을 보냈으며, 배움의 기회가 적었던 어린 시절의 아쉬움을 새로운 것에 대한 호기심으로 채우며 살아왔습니다. 세상을 유연하게 바라보는 태도 덕분에 고집 센 어르신들과는 달리 젊은 세대의 생각이나 최신 전자기기 사용법을 배우는 일에 거부감이 없습니다."
b71d4d15234c45db9a88658ea9550e26,남자,88,80대,경기,경기-구리시,지방,배우자있음,무학,해당없음,무직,배우자와 거주,아파트,"최광수 씨는 구리시에서 자수성가하여 안정적인 노후를 보내고 있는, 성실함과 실용성을 겸비한 80대 어르신입니다.","최광수 씨는 정규 교육을 받지 못했지만 구리시의 변천사를 몸소 겪으며 성실한 노동으로 자산을 일군 자수성가형 인물입니다. 최광수 씨는 헐거워진 문고리를 조이거나 낡은 가구의 수평을 맞추는 일에 능숙하며, 집안의 작은 소음만 듣고도 어디가 고장 났는지 정확히 찾아내 해결하는 직관적인 손재주를 가지고 있습니다.","최광수 씨는 평생을 함께한 배우자와 함께 아파트에서 서로를 의지하며 평온한 노후를 보내고 있습니다. 최광수 씨는 평소 무뚝뚝한 면이 있지만 손주들에게는 좋아하는 음식을 사주는 다정한 할아버지이며, 자식들에게 짐이 되지 않도록 주변을 정리하는 책임감 있는 아버지입니다.",최광수 씨는 일주일에 한 번 아내와 함께 나물이 듬뿍 들어간 비빔밥이나 정갈한 한식당을 찾아 소박한 식사를 합니다. 최광수 씨는 손주들이 방문하는 날이면 페퍼로니 피자와 치즈버거를 배달시켜 함께 나누어 먹으며 아이들의 입맛에 맞춘 식사 시간을 가집니다.,"구리 장자천 산책길을 천천히 걸으며 계절의 변화를 살피고, 오후에는 거실 소파에서 낮잠을 자며 기력을 보충합니다. 일주일에 한 번은 아내와 함께 나물을 듬뿍 넣은 비빔밥을 먹으러 가거나, 손주들이 방문했을 때 페퍼로니 피자와 치즈버거를 주문해 함께 나누어 먹습니다.","6.25 전쟁의 포화 속에서 어린 시절을 보내며 학교 교육 대신 생존을 위한 노동의 가치를 먼저 몸소 익혔습니다. 구리시의 변천사를 지켜보며 성실함 하나로 지금의 아파트를 마련한 자수성가형 삶을 살아왔으며, 이는 그를 매우 현실적이고 실용적인 성격으로 만들었습니다."
607bac61eab8415099765438198acf0b,여자,84,80대,경기,경기-광명시,지방,미혼,초등학교,해당없음,무직,기타2세대,아파트,"송소야자 씨는 꼼꼼한 성격의 친목회 총무이자, 예술적 감성과 식도락에 대한 열망을 가진 광명시의 규칙적인 80대 어르신입니다.","송소야자 씨는 동네 친목 모임의 총무를 맡아 회원들의 회비를 1원 하나 틀리지 않게 가계부에 기록하며, 꼼꼼한 일정 계획으로 모임의 실질적인 운영자 역할을 수행합니다.","송소야자 씨는 미혼으로 가족과 함께 아파트에서 거주하며, 평소에는 무뚝뚝한 표정을 짓지만 명절마다 직접 만든 떡을 나누어 주며 가족과 주변 사람들에 대한 애정을 은근히 드러냅니다.","송소야자 씨는 시장에서 처음 보는 나물을 구경하며 새로운 조리법을 상상하고, 주 1회 외식으로는 고기 대신 정갈한 나물 정식이나 분식집의 김밥을 즐겨 먹습니다.","광명전통시장에서 처음 보는 식재료를 구경하며 새로운 요리법을 상상하고, 낮잠 전에는 '아침마당' 같은 프로그램을 보며 TV 속 인물들의 표정을 스케치북에 간단히 그리는 시간을 갖습니다.","1940년대 전란의 시기에 태어나 정규 교육보다는 삶의 현장에서 세상을 배웠으며, 현재는 광명시의 오래된 아파트 단지에서 매일 아침 정해진 시간에 스트레칭과 집안 정리를 마치는 규칙적인 생활을 유지합니다."
6c3676034c2744759ebace32c8cc7ec7,여자,87,80대,서울,서울-광진구,지방,사별,무학,해당없음,무직,혼자 거주,주택 이외의 거처,"강기선 씨는 전쟁의 폐허 속에서 살아남은 강인한 생활력과 넉살 좋은 성격으로, 서울 광진구의 낡은 동네에서 독립적인 노후를 즐기는 87세의 당찬 할머니입니다.","강기선 씨는 정식 직업은 없지만 광진구 자양동 골목에서 수십 년간 다져온 넉살로 재래시장 상인들과 밀당하며 덤을 챙기고, 이웃 간의 시끄러운 다툼을 단칼에 정리하는 동네의 실질적인 해결사 역할을 합니다. 고장 난 낡은 라디오나 선풍기를 툭툭 쳐서 다시 돌아가게 만드는 투박한 손재주로 주변 사람들의 소소한 도움 요청을 해결해주며 자신의 쓸모를 확인합니다.","강기선 씨는 사별 후 광진구의 낡은 빌라에서 홀로 지내며, 누군가에게 의지하기보다 스스로 결정하고 책임지는 고독하지만 당당한 삶의 방식을 선택했습니다. 가족이라는 울타리보다는 동네 친구들과의 끈끈한 유대를 더 중요하게 여기며, 자식들의 걱정 어린 간섭에는 내 인생 내가 알아서 한다며 단호하게 선을 긋는 독립적인 성향을 보입니다.","강기선 씨는 주말이면 단골 한식당에서 지글지글 익어가는 돼지갈비를 쌈에 싸 먹으며 친구들과 호탕하게 웃고, 가끔은 기분 전환 삼아 정갈하게 담긴 일식 초밥 세트를 즐깁니다. 2주에 한 번꼴로 스마트폰 앱을 통해 주문하는 짜장면이나 짬뽕 같은 배달 음식의 편리함에 익숙해졌으며, 입맛이 없을 때는 짭조름한 젓갈과 갓 지은 솥밥으로 끼니를 해결합니다.","아차산 둘레길을 천천히 걸으며 계절마다 바뀌는 풍경을 구경하고, 동네 목욕탕 뜨거운 탕에 몸을 담근 채 이웃들과 최신 소식을 주고받습니다. TV에서 나오는 트로트 가수의 노래를 따라 부르다 보면 어느새 집안 정리를 미뤄둔 채 멍하니 오후 시간을 보내곤 합니다.","전쟁과 가난의 시대를 온몸으로 통과하며 학교 대신 삶의 현장에서 생존하는 법을 먼저 익혔습니다. 광진구 골목길이 재개발되고 변해가는 과정을 모두 지켜본 산증인으로, 어떤 위기 상황에서도 당황하지 않고 덤덤하게 제 몫을 찾아내는 단단한 생활력을 갖췄습니다."
ea2f53d2c70c4b1fa3bf76cc2b13ad51,여자,80,80대,강원,강원-횡성군,지방,배우자있음,초등학교,해당없음,건물 청소원,배우자와 거주,아파트,"김춘선 씨는 횡성에서 청소 일을 하며 성실하게 살아온 80세 어르신으로, 유적지 여행과 원예를 통해 삶의 여유를 찾는 소박한 성격의 소유자입니다.","김춘선 씨는 횡성읍내의 작은 상가 건물에서 락스와 세제를 자신만의 비율로 섞어 바닥 광택을 내는 베테랑 청소원으로 일합니다. 김춘선 씨는 찌든 때를 보면 그냥 지나치지 못해 허리가 굽을 때까지 걸레질을 해야 직성이 풀리는 성격이며, 내년까지는 꼭 이 일을 계속해 남편과 함께 쓸 쌈짓돈을 보태겠다는 목표로 매일 아침 빗자루를 듭니다.","김춘선 씨는 횡성의 자가 아파트에서 평생을 함께한 남편과 함께 조용하고 단조로운 일상을 공유합니다. 김춘선 씨는 무뚝뚝한 남편에게 잔소리를 늘어놓으면서도, 남편의 낡은 옷가지들을 깨끗하게 빨아 볕 좋은 곳에 널어두는 것으로 사랑을 표현합니다.","김춘선 씨는 일주일에 한 번 남편과 함께 동네 중국집에서 짜장면과 짬뽕을 시켜 먹으며 외식의 즐거움을 누립니다. 김춘선 씨는 배달 앱 대신 전화를 이용해 일주일에 한 번 나물 비빔밥이나 청국장 같은 한식을 주문해 먹으며, 직접 텃밭에서 키운 무르지 않은 고추를 된장에 찍어 먹는 것을 좋아합니다.","동네 경로당 친구들과 버스를 타고 경주나 부여 같은 유적지를 찾아다니며 옛이야기를 듣는 시간을 가장 기다립니다. 주말이면 베란다 화분들의 잎을 정성껏 닦아주고, 가끔은 거실에 누워 텔레비전 소리를 자장가 삼아 깊은 낮잠에 빠지곤 합니다.","횡성 땅에서 나고 자라며 보릿고개 시절의 배고픔을 몸으로 기억하고 있으며, 평생을 성실함 하나로 버텨온 세월이 몸에 배어 있습니다. 초등학교 졸업 후 곧장 집안일을 돕느라 배움의 기회를 놓친 것에 대한 은근한 아쉬움을 품고 있지만, 삶의 풍파를 겪으며 얻은 지혜만큼은 누구보다 깊다고 자부합니다."
2297dba25baf4befa33d8df8470ef687,여자,84,80대,경기,경기-안산시 상록구,지방,배우자있음,고등학교,해당없음,무직,배우자와 거주,단독주택,이순옥 씨는 안산 상록구에서 체계적인 살림 솜씨와 현대적인 가치관으로 집안의 중심을 잡고 살아가는 지적인 80대 여성입니다.,이순옥 씨는 고등학교 졸업장이라는 당시의 희소한 학력을 바탕으로 동네 경로당에서 복잡한 정부 지원금 신청 서류나 행정 절차를 도맡아 처리하는 해결사로 통합니다. 이순옥 씨는 가계부 작성부터 식재료 보관까지 모든 살림을 매뉴얼처럼 철저하게 관리하는 체계적인 운영 능력을 갖추고 있습니다.,이순옥 씨는 명절이나 제사 때 수십 명의 친척이 모이는 복잡한 일정을 빈틈없이 조율하고 진두지휘하는 집안의 실질적인 운영자입니다. 이순옥 씨는 합리적인 판단을 중요하게 여기기에 고집스러운 옛 관습보다는 자식들의 현재 상황을 고려한 유연한 가족 문화를 이끌어갑니다.,이순옥 씨는 일주일에 한 번 남편과 함께 동네 일식집을 방문해 정갈하게 담긴 초밥 정식을 천천히 음미하며 담소를 나눕니다. 이순옥 씨는 주 1회 배달 앱으로 주문한 나물 비빔밥이나 청국장 같은 자극적이지 않은 한식을 즐기며 식단의 균형을 맞춥니다.,"상록수역 인근의 단골 미용실에서 정기적으로 펌을 하며 기분 전환을 하고, 날씨가 좋은 날에는 가족들과 함께 안산호수공원을 천천히 거닐며 계절의 변화를 살핍니다. 일주일에 한 번은 남편과 함께 동네 일식집에서 정갈한 초밥 정식을 즐기며 그간의 소회를 나눕니다.","안산 상록구의 단독주택에서 수십 년간 터를 잡고 살며, 당시 여성으로서는 드물게 고등학교를 졸업해 집안의 지적 중심 역할을 해왔습니다. 매일 아침 신문을 정독하며 세상 돌아가는 일에 귀를 기울이고, 자식들에게도 낡은 관습보다는 합리적인 판단을 강조하는 현대적인 가치관을 지녔습니다."
1be9a1278b05404b837d76d83cbbc64e,여자,80,80대,경상북,경상북-영천시,지방,사별,초등학교,해당없음,무직,혼자 거주,주택 이외의 거처,"현복자 씨는 투박한 경상도 사투리와 정겨운 손맛을 간직한 채, 동네 친구들과의 수다와 가족의 사랑 속에서 소박한 행복을 찾는 영천의 80세 어르신입니다.","현복자 씨는 영천 시내 시장통에서 다져진 말솜씨와 눈썰미로 동네 아주머니들의 시시비비를 가려주는 자칭 '마을 해결사'로 통하며, 정해진 출근 시간은 없지만 매일 아침 경로당 평상에 앉아 마을의 대소사를 챙기는 실질적인 어른 역할을 수행합니다.","현복자 씨는 사별 후 홀로 지내는 적적함을 자식들에 대한 무조건적인 사랑과 손주들의 재롱으로 채우며, 명절마다 북적이는 집안 분위기에 젖어 손주들 입에 고기반찬을 끊임없이 넣어주는 다정하고 넉넉한 할머니입니다.","현복자 씨는 멸치 육수를 진하게 우려낸 된장찌개와 딱 알맞게 익은 깍두기로 정갈한 밥상을 차려내지만, 일주일에 한두 번은 손주들이 좋아하는 바삭한 돈가스나 파스타가 나오는 양식당을 찾아가 새로운 맛을 탐색하는 외식을 즐깁니다.","동네 친구들과 함께 뜨끈한 사우나에서 한바탕 수다를 떨거나, 거실에 누워 '미스트롯' 같은 노래 프로그램을 보며 달콤한 낮잠을 청하는 시간을 가장 좋아합니다.","영천의 흙먼지 날리던 시절부터 살아오며 투박한 경상도 사투리가 몸에 배어 있고, 정규 교육보다는 시장통과 밭일을 통해 세상 돌아가는 이치를 깨우치며 성장했습니다."
